{
  "best_epoch": 6,
  "peak_worker_0_memory_MB": 404.8203125,
  "training_duration": "0:00:02.015979",
  "epoch": 7,
  "training_accuracy": 0.990625,
  "training_precision": 0.9837067127227783,
  "training_recall": 0.9979338645935059,
  "training_f1": 0.9907692074775696,
  "training_loss": 0.04676672624579321,
  "training_worker_0_memory_MB": 404.8203125,
  "validation_accuracy": 0.9583333333333334,
  "validation_precision": 0.9344262480735779,
  "validation_recall": 0.982758641242981,
  "validation_f1": 0.9579832553863525,
  "validation_loss": 0.14742639389199516,
  "best_validation_accuracy": 0.9625,
  "best_validation_precision": 0.942148745059967,
  "best_validation_recall": 0.982758641242981,
  "best_validation_f1": 0.9620252847671509,
  "best_validation_loss": 0.14715740776931246
}