{
  "best_epoch": 8,
  "peak_worker_0_memory_MB": 404.8203125,
  "training_duration": "0:00:02.241397",
  "epoch": 8,
  "training_accuracy": 0.990625,
  "training_precision": 0.9817444086074829,
  "training_recall": 1.0,
  "training_f1": 0.9907881021499634,
  "training_loss": 0.04152693009430853,
  "training_worker_0_memory_MB": 404.8203125,
  "validation_accuracy": 0.9583333333333334,
  "validation_precision": 0.9344262480735779,
  "validation_recall": 0.982758641242981,
  "validation_f1": 0.9579832553863525,
  "validation_loss": 0.14311382168283066,
  "best_validation_accuracy": 0.9583333333333334,
  "best_validation_precision": 0.9344262480735779,
  "best_validation_recall": 0.982758641242981,
  "best_validation_f1": 0.9579832553863525,
  "best_validation_loss": 0.14311382168283066
}