{
  "best_epoch": 6,
  "peak_worker_0_memory_MB": 404.8203125,
  "training_duration": "0:00:01.827648",
  "epoch": 6,
  "training_accuracy": 0.9864583333333333,
  "training_precision": 0.9757575988769531,
  "training_recall": 0.9979338645935059,
  "training_f1": 0.9867210984230042,
  "training_loss": 0.055518751948451,
  "training_worker_0_memory_MB": 404.8203125,
  "validation_accuracy": 0.9625,
  "validation_precision": 0.942148745059967,
  "validation_recall": 0.982758641242981,
  "validation_f1": 0.9620252847671509,
  "validation_loss": 0.14715740776931246,
  "best_validation_accuracy": 0.9625,
  "best_validation_precision": 0.942148745059967,
  "best_validation_recall": 0.982758641242981,
  "best_validation_f1": 0.9620252847671509,
  "best_validation_loss": 0.14715740776931246
}