{
  "best_epoch": 3,
  "peak_worker_0_memory_MB": 404.8203125,
  "training_duration": "0:00:01.216115",
  "epoch": 3,
  "training_accuracy": 0.9770833333333333,
  "training_precision": 0.9601593613624573,
  "training_recall": 0.9958677887916565,
  "training_f1": 0.977687656879425,
  "training_loss": 0.11304525090381504,
  "training_worker_0_memory_MB": 404.8203125,
  "validation_accuracy": 0.95,
  "validation_precision": 0.9262295365333557,
  "validation_recall": 0.9741379022598267,
  "validation_f1": 0.9495798349380493,
  "validation_loss": 0.17773151795069378,
  "best_validation_accuracy": 0.95,
  "best_validation_precision": 0.9262295365333557,
  "best_validation_recall": 0.9741379022598267,
  "best_validation_f1": 0.9495798349380493,
  "best_validation_loss": 0.17773151795069378
}