{
  "best_epoch": 9,
  "peak_worker_0_memory_MB": 404.8203125,
  "training_duration": "0:00:02.457306",
  "epoch": 9,
  "training_accuracy": 0.9916666666666667,
  "training_precision": 0.9857142567634583,
  "training_recall": 0.9979338645935059,
  "training_f1": 0.9917864203453064,
  "training_loss": 0.03675066691745694,
  "training_worker_0_memory_MB": 404.8203125,
  "validation_accuracy": 0.9583333333333334,
  "validation_precision": 0.9344262480735779,
  "validation_recall": 0.982758641242981,
  "validation_f1": 0.9579832553863525,
  "validation_loss": 0.14119984343027076,
  "best_validation_accuracy": 0.9583333333333334,
  "best_validation_precision": 0.9344262480735779,
  "best_validation_recall": 0.982758641242981,
  "best_validation_f1": 0.9579832553863525,
  "best_validation_loss": 0.14119984343027076
}