{
  "best_epoch": 10,
  "peak_worker_0_memory_MB": 404.8203125,
  "training_duration": "0:00:03.260327",
  "epoch": 13,
  "training_accuracy": 0.9916666666666667,
  "training_precision": 0.9877049326896667,
  "training_recall": 0.9958677887916565,
  "training_f1": 0.991769552230835,
  "training_loss": 0.02711250877570516,
  "training_worker_0_memory_MB": 404.8203125,
  "validation_accuracy": 0.9541666666666667,
  "validation_precision": 0.9268292784690857,
  "validation_recall": 0.982758641242981,
  "validation_f1": 0.9539749622344971,
  "validation_loss": 0.1492150401386122,
  "best_validation_accuracy": 0.9625,
  "best_validation_precision": 0.942148745059967,
  "best_validation_recall": 0.982758641242981,
  "best_validation_f1": 0.9620252847671509,
  "best_validation_loss": 0.1409799385815859
}