{
  "best_epoch": 10,
  "peak_worker_0_memory_MB": 404.8203125,
  "training_duration": "0:00:03.059897",
  "epoch": 12,
  "training_accuracy": 0.9927083333333333,
  "training_precision": 0.9857434034347534,
  "training_recall": 1.0,
  "training_f1": 0.9928205013275146,
  "training_loss": 0.02933854894169296,
  "training_worker_0_memory_MB": 404.8203125,
  "validation_accuracy": 0.9541666666666667,
  "validation_precision": 0.9268292784690857,
  "validation_recall": 0.982758641242981,
  "validation_f1": 0.9539749622344971,
  "validation_loss": 0.14452234568695227,
  "best_validation_accuracy": 0.9625,
  "best_validation_precision": 0.942148745059967,
  "best_validation_recall": 0.982758641242981,
  "best_validation_f1": 0.9620252847671509,
  "best_validation_loss": 0.1409799385815859
}