{
  "best_epoch": 5,
  "peak_worker_0_memory_MB": 404.73828125,
  "training_duration": "0:00:01.277902",
  "epoch": 5,
  "training_accuracy": 0.9802083333333333,
  "training_precision": 0.96523517370224,
  "training_recall": 0.9957805871963501,
  "training_f1": 0.9802700281143188,
  "training_loss": 0.07852312338072806,
  "training_worker_0_memory_MB": 404.73828125,
  "validation_accuracy": 0.9625,
  "validation_precision": 0.9333333373069763,
  "validation_recall": 1.0,
  "validation_f1": 0.9655172228813171,
  "validation_loss": 0.16367574383815128,
  "best_validation_accuracy": 0.9625,
  "best_validation_precision": 0.9333333373069763,
  "best_validation_recall": 1.0,
  "best_validation_f1": 0.9655172228813171,
  "best_validation_loss": 0.16367574383815128
}