{
  "best_epoch": 11,
  "peak_worker_0_memory_MB": 404.73828125,
  "training_duration": "0:00:03.616799",
  "epoch": 14,
  "training_accuracy": 0.9885416666666667,
  "training_precision": 0.9853249192237854,
  "training_recall": 0.9915611743927002,
  "training_f1": 0.9884332418441772,
  "training_loss": 0.031515638137352656,
  "training_worker_0_memory_MB": 404.73828125,
  "validation_accuracy": 0.95,
  "validation_precision": 0.9191176295280457,
  "validation_recall": 0.9920634627342224,
  "validation_f1": 0.9541984796524048,
  "validation_loss": 0.14188442900776863,
  "best_validation_accuracy": 0.9541666666666667,
  "best_validation_precision": 0.9197080135345459,
  "best_validation_recall": 1.0,
  "best_validation_f1": 0.9581748843193054,
  "best_validation_loss": 0.14113725125789642
}