{
  "best_epoch": 11,
  "peak_worker_0_memory_MB": 404.73828125,
  "training_duration": "0:00:04.211740",
  "epoch": 17,
  "training_accuracy": 0.990625,
  "training_precision": 0.9874213933944702,
  "training_recall": 0.9936708807945251,
  "training_f1": 0.9905363321304321,
  "training_loss": 0.029194599551313635,
  "training_worker_0_memory_MB": 404.73828125,
  "validation_accuracy": 0.9458333333333333,
  "validation_precision": 0.9185185432434082,
  "validation_recall": 0.9841269850730896,
  "validation_f1": 0.9501915574073792,
  "validation_loss": 0.14635918053487937,
  "best_validation_accuracy": 0.9541666666666667,
  "best_validation_precision": 0.9197080135345459,
  "best_validation_recall": 1.0,
  "best_validation_f1": 0.9581748843193054,
  "best_validation_loss": 0.14113725125789642
}