{
  "best_epoch": 10,
  "peak_worker_0_memory_MB": 404.73828125,
  "training_duration": "0:00:02.697791",
  "epoch": 10,
  "training_accuracy": 0.990625,
  "training_precision": 0.9813664555549622,
  "training_recall": 1.0,
  "training_f1": 0.9905956387519836,
  "training_loss": 0.03874515907664318,
  "training_worker_0_memory_MB": 404.73828125,
  "validation_accuracy": 0.9583333333333334,
  "validation_precision": 0.9264705777168274,
  "validation_recall": 1.0,
  "validation_f1": 0.9618321061134338,
  "validation_loss": 0.14360474484662214,
  "best_validation_accuracy": 0.9583333333333334,
  "best_validation_precision": 0.9264705777168274,
  "best_validation_recall": 1.0,
  "best_validation_f1": 0.9618321061134338,
  "best_validation_loss": 0.14360474484662214
}