{
  "best_epoch": 8,
  "peak_worker_0_memory_MB": 404.73828125,
  "training_duration": "0:00:02.484045",
  "epoch": 9,
  "training_accuracy": 0.9875,
  "training_precision": 0.9792531132698059,
  "training_recall": 0.9957805871963501,
  "training_f1": 0.9874476790428162,
  "training_loss": 0.044272083573741836,
  "training_worker_0_memory_MB": 404.73828125,
  "validation_accuracy": 0.9583333333333334,
  "validation_precision": 0.9328358173370361,
  "validation_recall": 0.9920634627342224,
  "validation_f1": 0.9615384340286255,
  "validation_loss": 0.14588614230354627,
  "best_validation_accuracy": 0.9625,
  "best_validation_precision": 0.9333333373069763,
  "best_validation_recall": 1.0,
  "best_validation_f1": 0.9655172228813171,
  "best_validation_loss": 0.14531071484088898
}