{
  "best_epoch": 11,
  "peak_worker_0_memory_MB": 404.73828125,
  "training_duration": "0:00:03.160686",
  "epoch": 12,
  "training_accuracy": 0.9916666666666667,
  "training_precision": 0.9834024906158447,
  "training_recall": 1.0,
  "training_f1": 0.991631805896759,
  "training_loss": 0.03417104696175859,
  "training_worker_0_memory_MB": 404.73828125,
  "validation_accuracy": 0.9583333333333334,
  "validation_precision": 0.9264705777168274,
  "validation_recall": 1.0,
  "validation_f1": 0.9618321061134338,
  "validation_loss": 0.14348338668545088,
  "best_validation_accuracy": 0.9541666666666667,
  "best_validation_precision": 0.9197080135345459,
  "best_validation_recall": 1.0,
  "best_validation_f1": 0.9581748843193054,
  "best_validation_loss": 0.14113725125789642
}