{
  "best_epoch": 7,
  "peak_worker_0_memory_MB": 404.73828125,
  "training_duration": "0:00:02.061156",
  "epoch": 7,
  "training_accuracy": 0.984375,
  "training_precision": 0.9731958508491516,
  "training_recall": 0.9957805871963501,
  "training_f1": 0.9843586087226868,
  "training_loss": 0.05428893652666981,
  "training_worker_0_memory_MB": 404.73828125,
  "validation_accuracy": 0.9625,
  "validation_precision": 0.9333333373069763,
  "validation_recall": 1.0,
  "validation_f1": 0.9655172228813171,
  "validation_loss": 0.15146516412496566,
  "best_validation_accuracy": 0.9625,
  "best_validation_precision": 0.9333333373069763,
  "best_validation_recall": 1.0,
  "best_validation_f1": 0.9655172228813171,
  "best_validation_loss": 0.15146516412496566
}