{
  "best_epoch": 5,
  "peak_worker_0_memory_MB": 406.69140625,
  "training_duration": "0:00:01.437565",
  "epoch": 5,
  "training_accuracy": 0.9802083333333333,
  "training_precision": 0.9642146825790405,
  "training_recall": 0.9979423880577087,
  "training_f1": 0.9807886481285095,
  "training_loss": 0.0789743994983534,
  "training_worker_0_memory_MB": 406.69140625,
  "validation_accuracy": 0.9291666666666667,
  "validation_precision": 0.9008264541625977,
  "validation_recall": 0.9561403393745422,
  "validation_f1": 0.9276595711708069,
  "validation_loss": 0.19162063064674537,
  "best_validation_accuracy": 0.9291666666666667,
  "best_validation_precision": 0.9008264541625977,
  "best_validation_recall": 0.9561403393745422,
  "best_validation_f1": 0.9276595711708069,
  "best_validation_loss": 0.19162063064674537
}