{
  "best_epoch": 7,
  "peak_worker_0_memory_MB": 406.69140625,
  "training_duration": "0:00:02.178953",
  "epoch": 8,
  "training_accuracy": 0.984375,
  "training_precision": 0.9719439148902893,
  "training_recall": 0.9979423880577087,
  "training_f1": 0.9847716093063354,
  "training_loss": 0.04791544444160536,
  "training_worker_0_memory_MB": 406.69140625,
  "validation_accuracy": 0.9375,
  "validation_precision": 0.9090909361839294,
  "validation_recall": 0.9649122953414917,
  "validation_f1": 0.9361702799797058,
  "validation_loss": 0.19089937253544728,
  "best_validation_accuracy": 0.9375,
  "best_validation_precision": 0.9090909361839294,
  "best_validation_recall": 0.9649122953414917,
  "best_validation_f1": 0.9361702799797058,
  "best_validation_loss": 0.18943701746563116
}