{
  "best_epoch": 0,
  "peak_worker_0_memory_MB": 403.4140625,
  "training_duration": "0:00:00.220880",
  "epoch": 0,
  "training_accuracy": 0.603125,
  "training_precision": 0.5609756112098694,
  "training_recall": 0.9938271641731262,
  "training_f1": 0.7171492576599121,
  "training_loss": 0.59961473296086,
  "training_worker_0_memory_MB": 403.4140625,
  "validation_accuracy": 0.825,
  "validation_precision": 0.7337662577629089,
  "validation_recall": 0.9912280440330505,
  "validation_f1": 0.8432835936546326,
  "validation_loss": 0.4582260400056839,
  "best_validation_accuracy": 0.825,
  "best_validation_precision": 0.7337662577629089,
  "best_validation_recall": 0.9912280440330505,
  "best_validation_f1": 0.8432835936546326,
  "best_validation_loss": 0.4582260400056839
}