{
  "best_epoch": 7,
  "peak_worker_0_memory_MB": 406.69140625,
  "training_duration": "0:00:01.932210",
  "epoch": 7,
  "training_accuracy": 0.9833333333333333,
  "training_precision": 0.9718875288963318,
  "training_recall": 0.9958847761154175,
  "training_f1": 0.9837398529052734,
  "training_loss": 0.05504605962584416,
  "training_worker_0_memory_MB": 406.69140625,
  "validation_accuracy": 0.9375,
  "validation_precision": 0.9090909361839294,
  "validation_recall": 0.9649122953414917,
  "validation_f1": 0.9361702799797058,
  "validation_loss": 0.18943701746563116,
  "best_validation_accuracy": 0.9375,
  "best_validation_precision": 0.9090909361839294,
  "best_validation_recall": 0.9649122953414917,
  "best_validation_f1": 0.9361702799797058,
  "best_validation_loss": 0.18943701746563116
}