{
  "best_epoch": 4,
  "peak_worker_0_memory_MB": 406.69140625,
  "training_duration": "0:00:01.169386",
  "epoch": 4,
  "training_accuracy": 0.9770833333333333,
  "training_precision": 0.9621514081954956,
  "training_recall": 0.9938271641731262,
  "training_f1": 0.97773277759552,
  "training_loss": 0.09877534144713233,
  "training_worker_0_memory_MB": 406.69140625,
  "validation_accuracy": 0.9208333333333333,
  "validation_precision": 0.8861788511276245,
  "validation_recall": 0.9561403393745422,
  "validation_f1": 0.9198311567306519,
  "validation_loss": 0.19873927148679893,
  "best_validation_accuracy": 0.9208333333333333,
  "best_validation_precision": 0.8861788511276245,
  "best_validation_recall": 0.9561403393745422,
  "best_validation_f1": 0.9198311567306519,
  "best_validation_loss": 0.19873927148679893
}