{
  "best_epoch": 6,
  "peak_worker_0_memory_MB": 487.1953125,
  "training_duration": "0:00:08.635101",
  "epoch": 16,
  "training_accuracy": 0.9666666666666667,
  "training_precision": 0.9585062265396118,
  "training_recall": 0.9746835231781006,
  "training_f1": 0.9665271639823914,
  "training_loss": 0.07453969494381454,
  "training_worker_0_memory_MB": 487.1953125,
  "validation_accuracy": 0.9291666666666667,
  "validation_precision": 0.9291338324546814,
  "validation_recall": 0.9365079402923584,
  "validation_f1": 0.9328062534332275,
  "validation_loss": 0.3078185759921325,
  "best_validation_accuracy": 0.9333333333333333,
  "best_validation_precision": 0.9435483813285828,
  "best_validation_recall": 0.9285714030265808,
  "best_validation_f1": 0.9359999895095825,
  "best_validation_loss": 0.28370853620581327
}