{
  "best_epoch": 3,
  "peak_worker_0_memory_MB": 486.421875,
  "training_duration": "0:00:01.960249",
  "epoch": 4,
  "training_accuracy": 0.9625,
  "training_precision": 0.954356849193573,
  "training_recall": 0.9704641103744507,
  "training_f1": 0.962343156337738,
  "training_loss": 0.1258694958824587,
  "training_worker_0_memory_MB": 486.421875,
  "validation_accuracy": 0.9375,
  "validation_precision": 0.930232584476471,
  "validation_recall": 0.9523809552192688,
  "validation_f1": 0.9411764740943909,
  "validation_loss": 0.344543861458078,
  "best_validation_accuracy": 0.9375,
  "best_validation_precision": 0.930232584476471,
  "best_validation_recall": 0.9523809552192688,
  "best_validation_f1": 0.9411764740943909,
  "best_validation_loss": 0.3040404458685468
}