{
  "best_epoch": 6,
  "peak_worker_0_memory_MB": 487.1953125,
  "training_duration": "0:00:05.993142",
  "epoch": 10,
  "training_accuracy": 0.959375,
  "training_precision": 0.952182948589325,
  "training_recall": 0.9662446975708008,
  "training_f1": 0.9591622948646545,
  "training_loss": 0.09356727003165967,
  "training_worker_0_memory_MB": 487.1953125,
  "validation_accuracy": 0.9333333333333333,
  "validation_precision": 0.9230769276618958,
  "validation_recall": 0.9523809552192688,
  "validation_f1": 0.9375,
  "validation_loss": 0.3542619895422831,
  "best_validation_accuracy": 0.9333333333333333,
  "best_validation_precision": 0.9435483813285828,
  "best_validation_recall": 0.9285714030265808,
  "best_validation_f1": 0.9359999895095825,
  "best_validation_loss": 0.28370853620581327
}