{
  "best_epoch": 6,
  "peak_worker_0_memory_MB": 487.1953125,
  "training_duration": "0:00:06.818683",
  "epoch": 12,
  "training_accuracy": 0.9635416666666666,
  "training_precision": 0.954451322555542,
  "training_recall": 0.9725738167762756,
  "training_f1": 0.9634274244308472,
  "training_loss": 0.09747275608485022,
  "training_worker_0_memory_MB": 487.1953125,
  "validation_accuracy": 0.9375,
  "validation_precision": 0.930232584476471,
  "validation_recall": 0.9523809552192688,
  "validation_f1": 0.9411764740943909,
  "validation_loss": 0.35514787932334,
  "best_validation_accuracy": 0.9333333333333333,
  "best_validation_precision": 0.9435483813285828,
  "best_validation_recall": 0.9285714030265808,
  "best_validation_f1": 0.9359999895095825,
  "best_validation_loss": 0.28370853620581327
}