{
  "best_epoch": 0,
  "peak_worker_0_memory_MB": 486.421875,
  "training_duration": "0:00:01.057506",
  "epoch": 2,
  "training_accuracy": 0.9604166666666667,
  "training_precision": 0.9599156379699707,
  "training_recall": 0.9599156379699707,
  "training_f1": 0.9599156379699707,
  "training_loss": 0.138478919297692,
  "training_worker_0_memory_MB": 486.421875,
  "validation_accuracy": 0.9333333333333333,
  "validation_precision": 0.9230769276618958,
  "validation_recall": 0.9523809552192688,
  "validation_f1": 0.9375,
  "validation_loss": 0.39341890687743825,
  "best_validation_accuracy": 0.9333333333333333,
  "best_validation_precision": 0.9230769276618958,
  "best_validation_recall": 0.9523809552192688,
  "best_validation_f1": 0.9375,
  "best_validation_loss": 0.3099542433395982
}