{
  "best_epoch": 6,
  "peak_worker_0_memory_MB": 487.1953125,
  "training_duration": "0:00:09.712841",
  "epoch": 19,
  "training_accuracy": 0.9677083333333333,
  "training_precision": 0.9604989886283875,
  "training_recall": 0.9746835231781006,
  "training_f1": 0.9675392508506775,
  "training_loss": 0.0738947980531672,
  "training_worker_0_memory_MB": 487.1953125,
  "validation_accuracy": 0.9375,
  "validation_precision": 0.930232584476471,
  "validation_recall": 0.9523809552192688,
  "validation_f1": 0.9411764740943909,
  "validation_loss": 0.35422423780255485,
  "best_validation_accuracy": 0.9333333333333333,
  "best_validation_precision": 0.9435483813285828,
  "best_validation_recall": 0.9285714030265808,
  "best_validation_f1": 0.9359999895095825,
  "best_validation_loss": 0.28370853620581327
}