{
  "best_epoch": 6,
  "peak_worker_0_memory_MB": 487.1953125,
  "training_duration": "0:00:07.882504",
  "epoch": 15,
  "training_accuracy": 0.965625,
  "training_precision": 0.954639196395874,
  "training_recall": 0.9767932295799255,
  "training_f1": 0.9655891060829163,
  "training_loss": 0.07655631473341297,
  "training_worker_0_memory_MB": 487.1953125,
  "validation_accuracy": 0.9375,
  "validation_precision": 0.930232584476471,
  "validation_recall": 0.9523809552192688,
  "validation_f1": 0.9411764740943909,
  "validation_loss": 0.37343814890482463,
  "best_validation_accuracy": 0.9333333333333333,
  "best_validation_precision": 0.9435483813285828,
  "best_validation_recall": 0.9285714030265808,
  "best_validation_f1": 0.9359999895095825,
  "best_validation_loss": 0.28370853620581327
}