{
  "best_epoch": 1,
  "peak_worker_0_memory_MB": 492.46484375,
  "training_duration": "0:00:10.895112",
  "epoch": 19,
  "training_accuracy": 0.9895833333333334,
  "training_precision": 0.9896050095558167,
  "training_recall": 0.9896050095558167,
  "training_f1": 0.9896050095558167,
  "training_loss": 0.04098204017801947,
  "training_worker_0_memory_MB": 492.46484375,
  "validation_accuracy": 0.9541666666666667,
  "validation_precision": 0.9426229596138,
  "validation_recall": 0.9663865566253662,
  "validation_f1": 0.954356849193573,
  "validation_loss": 0.24091648678465086,
  "best_validation_accuracy": 0.9708333333333333,
  "best_validation_precision": 0.9745762944221497,
  "best_validation_recall": 0.9663865566253662,
  "best_validation_f1": 0.9704641699790955,
  "best_validation_loss": 0.1959692111859719
}