{
  "best_epoch": 1,
  "peak_worker_0_memory_MB": 491.2421875,
  "training_duration": "0:00:06.699511",
  "epoch": 9,
  "training_accuracy": 0.984375,
  "training_precision": 0.9834024906158447,
  "training_recall": 0.9854469895362854,
  "training_f1": 0.9844236969947815,
  "training_loss": 0.046025574019707464,
  "training_worker_0_memory_MB": 491.2421875,
  "validation_accuracy": 0.9541666666666667,
  "validation_precision": 0.9426229596138,
  "validation_recall": 0.9663865566253662,
  "validation_f1": 0.954356849193573,
  "validation_loss": 0.2319986084010452,
  "best_validation_accuracy": 0.9708333333333333,
  "best_validation_precision": 0.9745762944221497,
  "best_validation_recall": 0.9663865566253662,
  "best_validation_f1": 0.9704641699790955,
  "best_validation_loss": 0.1959692111859719
}