{
  "best_epoch": 1,
  "peak_worker_0_memory_MB": 490.875,
  "training_duration": "0:00:00.806005",
  "epoch": 1,
  "training_accuracy": 0.96875,
  "training_precision": 0.9707724452018738,
  "training_recall": 0.9667359590530396,
  "training_f1": 0.96875,
  "training_loss": 0.1482413508114405,
  "training_worker_0_memory_MB": 490.875,
  "validation_accuracy": 0.9708333333333333,
  "validation_precision": 0.9745762944221497,
  "validation_recall": 0.9663865566253662,
  "validation_f1": 0.9704641699790955,
  "validation_loss": 0.1959692111859719,
  "best_validation_accuracy": 0.9708333333333333,
  "best_validation_precision": 0.9745762944221497,
  "best_validation_recall": 0.9663865566253662,
  "best_validation_f1": 0.9704641699790955,
  "best_validation_loss": 0.1959692111859719
}