{
  "best_epoch": 1,
  "peak_worker_0_memory_MB": 490.875,
  "training_duration": "0:00:01.547715",
  "epoch": 2,
  "training_accuracy": 0.9791666666666666,
  "training_precision": 0.977225661277771,
  "training_recall": 0.9812889695167542,
  "training_f1": 0.9792530536651611,
  "training_loss": 0.1210145272620745,
  "training_worker_0_memory_MB": 490.875,
  "validation_accuracy": 0.9333333333333333,
  "validation_precision": 0.9639639854431152,
  "validation_recall": 0.8991596698760986,
  "validation_f1": 0.9304347634315491,
  "validation_loss": 0.21704375535870593,
  "best_validation_accuracy": 0.9708333333333333,
  "best_validation_precision": 0.9745762944221497,
  "best_validation_recall": 0.9663865566253662,
  "best_validation_f1": 0.9704641699790955,
  "best_validation_loss": 0.1959692111859719
}