{
  "best_epoch": 1,
  "peak_worker_0_memory_MB": 492.46484375,
  "training_duration": "0:00:10.525335",
  "epoch": 18,
  "training_accuracy": 0.9885416666666667,
  "training_precision": 0.9855371713638306,
  "training_recall": 0.9916840195655823,
  "training_f1": 0.98860102891922,
  "training_loss": 0.033830184914055886,
  "training_worker_0_memory_MB": 492.46484375,
  "validation_accuracy": 0.9416666666666667,
  "validation_precision": 0.9487179517745972,
  "validation_recall": 0.9327731132507324,
  "validation_f1": 0.9406779408454895,
  "validation_loss": 0.23125899762574895,
  "best_validation_accuracy": 0.9708333333333333,
  "best_validation_precision": 0.9745762944221497,
  "best_validation_recall": 0.9663865566253662,
  "best_validation_f1": 0.9704641699790955,
  "best_validation_loss": 0.1959692111859719
}