{
  "best_epoch": 1,
  "peak_worker_0_memory_MB": 492.46484375,
  "training_duration": "0:00:10.062244",
  "epoch": 17,
  "training_accuracy": 0.9916666666666667,
  "training_precision": 0.9916840195655823,
  "training_recall": 0.9916840195655823,
  "training_f1": 0.9916840195655823,
  "training_loss": 0.030318312655344924,
  "training_worker_0_memory_MB": 492.46484375,
  "validation_accuracy": 0.9583333333333334,
  "validation_precision": 0.9504132270812988,
  "validation_recall": 0.9663865566253662,
  "validation_f1": 0.9583333134651184,
  "validation_loss": 0.23879550808633213,
  "best_validation_accuracy": 0.9708333333333333,
  "best_validation_precision": 0.9745762944221497,
  "best_validation_recall": 0.9663865566253662,
  "best_validation_f1": 0.9704641699790955,
  "best_validation_loss": 0.1959692111859719
}