{
  "best_epoch": 9,
  "peak_worker_0_memory_MB": 494.51953125,
  "training_duration": "0:00:04.985743",
  "epoch": 11,
  "training_accuracy": 0.9875,
  "training_precision": 0.9809725284576416,
  "training_recall": 0.9935759902000427,
  "training_f1": 0.9872339963912964,
  "training_loss": 0.051565719473243614,
  "training_worker_0_memory_MB": 494.51953125,
  "validation_accuracy": 0.9666666666666667,
  "validation_precision": 0.9921259880065918,
  "validation_recall": 0.9473684430122375,
  "validation_f1": 0.9692308306694031,
  "validation_loss": 0.10942215379327536,
  "best_validation_accuracy": 0.9875,
  "best_validation_precision": 0.9924242496490479,
  "best_validation_recall": 0.9849624037742615,
  "best_validation_f1": 0.9886792302131653,
  "best_validation_loss": 0.06599575040551524
}