{
  "best_epoch": 9,
  "peak_worker_0_memory_MB": 494.51953125,
  "training_duration": "0:00:06.842377",
  "epoch": 15,
  "training_accuracy": 0.984375,
  "training_precision": 0.9767932295799255,
  "training_recall": 0.9914346933364868,
  "training_f1": 0.9840595126152039,
  "training_loss": 0.04922676269367609,
  "training_worker_0_memory_MB": 494.51953125,
  "validation_accuracy": 0.9708333333333333,
  "validation_precision": 0.9846153855323792,
  "validation_recall": 0.9624060392379761,
  "validation_f1": 0.9733839631080627,
  "validation_loss": 0.0926856089499779,
  "best_validation_accuracy": 0.9875,
  "best_validation_precision": 0.9924242496490479,
  "best_validation_recall": 0.9849624037742615,
  "best_validation_f1": 0.9886792302131653,
  "best_validation_loss": 0.06599575040551524
}