{
  "best_epoch": 9,
  "peak_worker_0_memory_MB": 494.51953125,
  "training_duration": "0:00:05.634925",
  "epoch": 12,
  "training_accuracy": 0.9864583333333333,
  "training_precision": 0.9850427508354187,
  "training_recall": 0.9871520400047302,
  "training_f1": 0.9860962629318237,
  "training_loss": 0.04334906307194615,
  "training_worker_0_memory_MB": 494.51953125,
  "validation_accuracy": 0.975,
  "validation_precision": 0.9922480583190918,
  "validation_recall": 0.9624060392379761,
  "validation_f1": 0.9770992398262024,
  "validation_loss": 0.11646222443087026,
  "best_validation_accuracy": 0.9875,
  "best_validation_precision": 0.9924242496490479,
  "best_validation_recall": 0.9849624037742615,
  "best_validation_f1": 0.9886792302131653,
  "best_validation_loss": 0.06599575040551524
}