{
  "best_epoch": 9,
  "peak_worker_0_memory_MB": 494.890625,
  "training_duration": "0:00:08.340161",
  "epoch": 19,
  "training_accuracy": 0.9833333333333333,
  "training_precision": 0.9787685871124268,
  "training_recall": 0.9871520400047302,
  "training_f1": 0.9829424023628235,
  "training_loss": 0.04112073033660029,
  "training_worker_0_memory_MB": 494.890625,
  "validation_accuracy": 0.975,
  "validation_precision": 0.9847328066825867,
  "validation_recall": 0.969924807548523,
  "validation_f1": 0.9772726893424988,
  "validation_loss": 0.07103413919879434,
  "best_validation_accuracy": 0.9875,
  "best_validation_precision": 0.9924242496490479,
  "best_validation_recall": 0.9849624037742615,
  "best_validation_f1": 0.9886792302131653,
  "best_validation_loss": 0.06599575040551524
}