{
  "best_epoch": 9,
  "peak_worker_0_memory_MB": 494.890625,
  "training_duration": "0:00:07.579923",
  "epoch": 17,
  "training_accuracy": 0.9885416666666667,
  "training_precision": 0.9871794581413269,
  "training_recall": 0.9892933368682861,
  "training_f1": 0.9882352352142334,
  "training_loss": 0.042717000357758175,
  "training_worker_0_memory_MB": 494.890625,
  "validation_accuracy": 0.975,
  "validation_precision": 0.9847328066825867,
  "validation_recall": 0.969924807548523,
  "validation_f1": 0.9772726893424988,
  "validation_loss": 0.08383341698596875,
  "best_validation_accuracy": 0.9875,
  "best_validation_precision": 0.9924242496490479,
  "best_validation_recall": 0.9849624037742615,
  "best_validation_f1": 0.9886792302131653,
  "best_validation_loss": 0.06599575040551524
}