{
  "best_epoch": 4,
  "peak_worker_0_memory_MB": 494.35546875,
  "training_duration": "0:00:02.547099",
  "epoch": 5,
  "training_accuracy": 0.978125,
  "training_precision": 0.9724576473236084,
  "training_recall": 0.9828693866729736,
  "training_f1": 0.9776358008384705,
  "training_loss": 0.10483219604807345,
  "training_worker_0_memory_MB": 494.35546875,
  "validation_accuracy": 0.9625,
  "validation_precision": 0.984375,
  "validation_recall": 0.9473684430122375,
  "validation_f1": 0.9655172824859619,
  "validation_loss": 0.13370515927672386,
  "best_validation_accuracy": 0.975,
  "best_validation_precision": 0.9847328066825867,
  "best_validation_recall": 0.969924807548523,
  "best_validation_f1": 0.9772726893424988,
  "best_validation_loss": 0.11304229232482613
}