{
  "best_epoch": 4,
  "peak_worker_0_memory_MB": 494.35546875,
  "training_duration": "0:00:02.189711",
  "epoch": 4,
  "training_accuracy": 0.9760416666666667,
  "training_precision": 0.9784482717514038,
  "training_recall": 0.9721627235412598,
  "training_f1": 0.97529536485672,
  "training_loss": 0.10051729048451913,
  "training_worker_0_memory_MB": 494.35546875,
  "validation_accuracy": 0.975,
  "validation_precision": 0.9847328066825867,
  "validation_recall": 0.969924807548523,
  "validation_f1": 0.9772726893424988,
  "validation_loss": 0.11304229232482613,
  "best_validation_accuracy": 0.975,
  "best_validation_precision": 0.9847328066825867,
  "best_validation_recall": 0.969924807548523,
  "best_validation_f1": 0.9772726893424988,
  "best_validation_loss": 0.11304229232482613
}