{
  "best_epoch": 6,
  "peak_worker_0_memory_MB": 494.35546875,
  "training_duration": "0:00:02.915893",
  "epoch": 6,
  "training_accuracy": 0.9802083333333333,
  "training_precision": 0.9765957593917847,
  "training_recall": 0.9828693866729736,
  "training_f1": 0.9797224998474121,
  "training_loss": 0.08755780589126516,
  "training_worker_0_memory_MB": 494.35546875,
  "validation_accuracy": 0.975,
  "validation_precision": 0.9847328066825867,
  "validation_recall": 0.969924807548523,
  "validation_f1": 0.9772726893424988,
  "validation_loss": 0.09155864845961333,
  "best_validation_accuracy": 0.975,
  "best_validation_precision": 0.9847328066825867,
  "best_validation_recall": 0.969924807548523,
  "best_validation_f1": 0.9772726893424988,
  "best_validation_loss": 0.09155864845961333
}