{
  "best_epoch": 10,
  "peak_worker_0_memory_MB": 493.33203125,
  "training_duration": "0:00:06.459713",
  "epoch": 10,
  "training_accuracy": 0.9885416666666667,
  "training_precision": 0.9833333492279053,
  "training_recall": 0.9936842322349548,
  "training_f1": 0.9884816408157349,
  "training_loss": 0.053209096859821635,
  "training_worker_0_memory_MB": 493.33203125,
  "validation_accuracy": 0.9791666666666666,
  "validation_precision": 0.96875,
  "validation_recall": 0.9919999837875366,
  "validation_f1": 0.9802371263504028,
  "validation_loss": 0.14417912661641216,
  "best_validation_accuracy": 0.9791666666666666,
  "best_validation_precision": 0.96875,
  "best_validation_recall": 0.9919999837875366,
  "best_validation_f1": 0.9802371263504028,
  "best_validation_loss": 0.14417912661641216
}