{
  "best_epoch": 16,
  "peak_worker_0_memory_MB": 493.6015625,
  "training_duration": "0:00:12.125986",
  "epoch": 17,
  "training_accuracy": 0.9895833333333334,
  "training_precision": 0.9874213933944702,
  "training_recall": 0.9915789365768433,
  "training_f1": 0.9894958138465881,
  "training_loss": 0.04075564907510246,
  "training_worker_0_memory_MB": 493.6015625,
  "validation_accuracy": 0.9541666666666667,
  "validation_precision": 0.9672130942344666,
  "validation_recall": 0.9440000057220459,
  "validation_f1": 0.95546555519104,
  "validation_loss": 0.18698813876253553,
  "best_validation_accuracy": 0.9666666666666667,
  "best_validation_precision": 0.960629940032959,
  "best_validation_recall": 0.9760000109672546,
  "best_validation_f1": 0.9682539105415344,
  "best_validation_loss": 0.13729680409499753
}