{
  "best_epoch": 4,
  "peak_worker_0_memory_MB": 493.33203125,
  "training_duration": "0:00:05.562121",
  "epoch": 8,
  "training_accuracy": 0.9864583333333333,
  "training_precision": 0.9832636117935181,
  "training_recall": 0.9894737005233765,
  "training_f1": 0.9863588809967041,
  "training_loss": 0.0799204548746881,
  "training_worker_0_memory_MB": 493.33203125,
  "validation_accuracy": 0.9708333333333333,
  "validation_precision": 0.9609375,
  "validation_recall": 0.984000027179718,
  "validation_f1": 0.9723320603370667,
  "validation_loss": 0.16631440034834669,
  "best_validation_accuracy": 0.9666666666666667,
  "best_validation_precision": 0.960629940032959,
  "best_validation_recall": 0.9760000109672546,
  "best_validation_f1": 0.9682539105415344,
  "best_validation_loss": 0.15318603272316977
}