{
  "best_epoch": 0,
  "peak_worker_0_memory_MB": 476.1640625,
  "training_duration": "0:00:01.852492",
  "epoch": 0,
  "training_accuracy": 0.890625,
  "training_precision": 0.8502772450447083,
  "training_recall": 0.9504132270812988,
  "training_f1": 0.8975610136985779,
  "training_loss": 0.30984664217879376,
  "training_worker_0_memory_MB": 476.1640625,
  "validation_accuracy": 0.9666666666666667,
  "validation_precision": 0.9655172228813171,
  "validation_recall": 0.9655172228813171,
  "validation_f1": 0.9655172228813171,
  "validation_loss": 0.20623541536430517,
  "best_validation_accuracy": 0.9666666666666667,
  "best_validation_precision": 0.9655172228813171,
  "best_validation_recall": 0.9655172228813171,
  "best_validation_f1": 0.9655172228813171,
  "best_validation_loss": 0.20623541536430517
}