{
  "best_epoch": 0,
  "peak_worker_0_memory_MB": 488.921875,
  "training_duration": "0:00:02.875842",
  "epoch": 1,
  "training_accuracy": 0.9791666666666666,
  "training_precision": 0.9773662686347961,
  "training_recall": 0.9814049601554871,
  "training_f1": 0.9793814420700073,
  "training_loss": 0.13290088305560252,
  "training_worker_0_memory_MB": 488.921875,
  "validation_accuracy": 0.9708333333333333,
  "validation_precision": 0.9579831957817078,
  "validation_recall": 0.982758641242981,
  "validation_f1": 0.9702128171920776,
  "validation_loss": 0.2362135007356604,
  "best_validation_accuracy": 0.9666666666666667,
  "best_validation_precision": 0.9655172228813171,
  "best_validation_recall": 0.9655172228813171,
  "best_validation_f1": 0.9655172228813171,
  "best_validation_loss": 0.20623541536430517
}