{
  "best_epoch": 11,
  "peak_worker_0_memory_MB": 489.56640625,
  "training_duration": "0:00:09.664809",
  "epoch": 17,
  "training_accuracy": 0.9854166666666667,
  "training_precision": 0.9855371713638306,
  "training_recall": 0.9855371713638306,
  "training_f1": 0.9855371713638306,
  "training_loss": 0.05378475990510197,
  "training_worker_0_memory_MB": 489.56640625,
  "validation_accuracy": 0.975,
  "validation_precision": 0.9661017060279846,
  "validation_recall": 0.982758641242981,
  "validation_f1": 0.9743589162826538,
  "validation_loss": 0.1537835382196742,
  "best_validation_accuracy": 0.9708333333333333,
  "best_validation_precision": 0.9579831957817078,
  "best_validation_recall": 0.982758641242981,
  "best_validation_f1": 0.9702128171920776,
  "best_validation_loss": 0.14218907857624194
}