{
  "best_epoch": 11,
  "peak_worker_0_memory_MB": 489.56640625,
  "training_duration": "0:00:07.855390",
  "epoch": 13,
  "training_accuracy": 0.9864583333333333,
  "training_precision": 0.985567033290863,
  "training_recall": 0.9876033067703247,
  "training_f1": 0.9865841865539551,
  "training_loss": 0.04705164385935253,
  "training_worker_0_memory_MB": 489.56640625,
  "validation_accuracy": 0.9791666666666666,
  "validation_precision": 0.9663865566253662,
  "validation_recall": 0.9913793206214905,
  "validation_f1": 0.9787234663963318,
  "validation_loss": 0.1807101273133109,
  "best_validation_accuracy": 0.9708333333333333,
  "best_validation_precision": 0.9579831957817078,
  "best_validation_recall": 0.982758641242981,
  "best_validation_f1": 0.9702128171920776,
  "best_validation_loss": 0.14218907857624194
}