{
  "best_epoch": 11,
  "peak_worker_0_memory_MB": 489.56640625,
  "training_duration": "0:00:08.833246",
  "epoch": 15,
  "training_accuracy": 0.9895833333333334,
  "training_precision": 0.9856557250022888,
  "training_recall": 0.9938016533851624,
  "training_f1": 0.9897119402885437,
  "training_loss": 0.04377996913523627,
  "training_worker_0_memory_MB": 489.56640625,
  "validation_accuracy": 0.9708333333333333,
  "validation_precision": 0.9579831957817078,
  "validation_recall": 0.982758641242981,
  "validation_f1": 0.9702128171920776,
  "validation_loss": 0.17725298538183173,
  "best_validation_accuracy": 0.9708333333333333,
  "best_validation_precision": 0.9579831957817078,
  "best_validation_recall": 0.982758641242981,
  "best_validation_f1": 0.9702128171920776,
  "best_validation_loss": 0.14218907857624194
}