{
  "best_epoch": 11,
  "peak_worker_0_memory_MB": 489.56640625,
  "training_duration": "0:00:07.489372",
  "epoch": 12,
  "training_accuracy": 0.9864583333333333,
  "training_precision": 0.9835729002952576,
  "training_recall": 0.9896694421768188,
  "training_f1": 0.9866117835044861,
  "training_loss": 0.048525645938934756,
  "training_worker_0_memory_MB": 489.56640625,
  "validation_accuracy": 0.975,
  "validation_precision": 0.9661017060279846,
  "validation_recall": 0.982758641242981,
  "validation_f1": 0.9743589162826538,
  "validation_loss": 0.18851689367244642,
  "best_validation_accuracy": 0.9708333333333333,
  "best_validation_precision": 0.9579831957817078,
  "best_validation_recall": 0.982758641242981,
  "best_validation_f1": 0.9702128171920776,
  "best_validation_loss": 0.14218907857624194
}