{
  "best_epoch": 7,
  "peak_worker_0_memory_MB": 489.56640625,
  "training_duration": "0:00:05.339553",
  "epoch": 7,
  "training_accuracy": 0.9885416666666667,
  "training_precision": 0.9856262803077698,
  "training_recall": 0.9917355179786682,
  "training_f1": 0.9886714816093445,
  "training_loss": 0.06484045418037568,
  "training_worker_0_memory_MB": 489.56640625,
  "validation_accuracy": 0.975,
  "validation_precision": 0.9661017060279846,
  "validation_recall": 0.982758641242981,
  "validation_f1": 0.9743589162826538,
  "validation_loss": 0.14885238918165367,
  "best_validation_accuracy": 0.975,
  "best_validation_precision": 0.9661017060279846,
  "best_validation_recall": 0.982758641242981,
  "best_validation_f1": 0.9743589162826538,
  "best_validation_loss": 0.14885238918165367
}