{
  "best_epoch": 3,
  "peak_worker_0_memory_MB": 489.00390625,
  "training_duration": "0:00:04.164665",
  "epoch": 4,
  "training_accuracy": 0.9822916666666667,
  "training_precision": 0.9814432859420776,
  "training_recall": 0.9834710955619812,
  "training_f1": 0.9824562072753906,
  "training_loss": 0.07633322038915745,
  "training_worker_0_memory_MB": 489.00390625,
  "validation_accuracy": 0.975,
  "validation_precision": 0.9583333134651184,
  "validation_recall": 0.9913793206214905,
  "validation_f1": 0.9745762348175049,
  "validation_loss": 0.20975440794912478,
  "best_validation_accuracy": 0.9666666666666667,
  "best_validation_precision": 0.9576271176338196,
  "best_validation_recall": 0.9741379022598267,
  "best_validation_f1": 0.9658119082450867,
  "best_validation_loss": 0.16582330166517448
}