{
  "best_epoch": 11,
  "peak_worker_0_memory_MB": 489.56640625,
  "training_duration": "0:00:08.401864",
  "epoch": 14,
  "training_accuracy": 0.9875,
  "training_precision": 0.9855967164039612,
  "training_recall": 0.9896694421768188,
  "training_f1": 0.9876288175582886,
  "training_loss": 0.04718041862476336,
  "training_worker_0_memory_MB": 489.56640625,
  "validation_accuracy": 0.975,
  "validation_precision": 0.9583333134651184,
  "validation_recall": 0.9913793206214905,
  "validation_f1": 0.9745762348175049,
  "validation_loss": 0.19318060900938386,
  "best_validation_accuracy": 0.9708333333333333,
  "best_validation_precision": 0.9579831957817078,
  "best_validation_recall": 0.982758641242981,
  "best_validation_f1": 0.9702128171920776,
  "best_validation_loss": 0.14218907857624194
}