{
  "best_epoch": 7,
  "peak_worker_0_memory_MB": 489.56640625,
  "training_duration": "0:00:05.699238",
  "epoch": 8,
  "training_accuracy": 0.9833333333333333,
  "training_precision": 0.9814814925193787,
  "training_recall": 0.9855371713638306,
  "training_f1": 0.983505129814148,
  "training_loss": 0.06436315481720764,
  "training_worker_0_memory_MB": 489.56640625,
  "validation_accuracy": 0.9708333333333333,
  "validation_precision": 0.9579831957817078,
  "validation_recall": 0.982758641242981,
  "validation_f1": 0.9702128171920776,
  "validation_loss": 0.15381497342993194,
  "best_validation_accuracy": 0.975,
  "best_validation_precision": 0.9661017060279846,
  "best_validation_recall": 0.982758641242981,
  "best_validation_f1": 0.9743589162826538,
  "best_validation_loss": 0.14885238918165367
}