{
  "best_epoch": 7,
  "peak_worker_0_memory_MB": 489.56640625,
  "training_duration": "0:00:06.415029",
  "epoch": 10,
  "training_accuracy": 0.984375,
  "training_precision": 0.9795501232147217,
  "training_recall": 0.9896694421768188,
  "training_f1": 0.9845837354660034,
  "training_loss": 0.06711887021673041,
  "training_worker_0_memory_MB": 489.56640625,
  "validation_accuracy": 0.9708333333333333,
  "validation_precision": 0.9579831957817078,
  "validation_recall": 0.982758641242981,
  "validation_f1": 0.9702128171920776,
  "validation_loss": 0.1633372322190553,
  "best_validation_accuracy": 0.975,
  "best_validation_precision": 0.9661017060279846,
  "best_validation_recall": 0.982758641242981,
  "best_validation_f1": 0.9743589162826538,
  "best_validation_loss": 0.14885238918165367
}