{
  "best_epoch": 10,
  "peak_worker_0_memory_MB": 407.66015625,
  "training_duration": "0:00:02.559009",
  "epoch": 10,
  "training_accuracy": 0.9927083333333333,
  "training_precision": 0.9876543283462524,
  "training_recall": 0.9979209899902344,
  "training_f1": 0.9927611351013184,
  "training_loss": 0.03110694027855061,
  "training_worker_0_memory_MB": 407.66015625,
  "validation_accuracy": 0.9333333333333333,
  "validation_precision": 0.9327731132507324,
  "validation_recall": 0.9327731132507324,
  "validation_f1": 0.9327731132507324,
  "validation_loss": 0.21215772110347947,
  "best_validation_accuracy": 0.9333333333333333,
  "best_validation_precision": 0.9327731132507324,
  "best_validation_recall": 0.9327731132507324,
  "best_validation_f1": 0.9327731132507324,
  "best_validation_loss": 0.21215772110347947
}