{
  "best_epoch": 8,
  "peak_worker_0_memory_MB": 405.2421875,
  "training_duration": "0:00:02.115227",
  "epoch": 8,
  "training_accuracy": 0.9927083333333333,
  "training_precision": 0.9856557250022888,
  "training_recall": 1.0,
  "training_f1": 0.9927760362625122,
  "training_loss": 0.037927466009083824,
  "training_worker_0_memory_MB": 405.2421875,
  "validation_accuracy": 0.9333333333333333,
  "validation_precision": 0.94017094373703,
  "validation_recall": 0.924369752407074,
  "validation_f1": 0.9322034120559692,
  "validation_loss": 0.212550969577084,
  "best_validation_accuracy": 0.9333333333333333,
  "best_validation_precision": 0.94017094373703,
  "best_validation_recall": 0.924369752407074,
  "best_validation_f1": 0.9322034120559692,
  "best_validation_loss": 0.212550969577084
}