{
  "best_epoch": 10,
  "peak_worker_0_memory_MB": 407.66015625,
  "training_duration": "0:00:03.445383",
  "epoch": 12,
  "training_accuracy": 0.9927083333333333,
  "training_precision": 0.9896694421768188,
  "training_recall": 0.9958419799804688,
  "training_f1": 0.992746114730835,
  "training_loss": 0.028256391998244604,
  "training_worker_0_memory_MB": 407.66015625,
  "validation_accuracy": 0.9291666666666667,
  "validation_precision": 0.925000011920929,
  "validation_recall": 0.9327731132507324,
  "validation_f1": 0.9288703203201294,
  "validation_loss": 0.21604307654003302,
  "best_validation_accuracy": 0.9333333333333333,
  "best_validation_precision": 0.9327731132507324,
  "best_validation_recall": 0.9327731132507324,
  "best_validation_f1": 0.9327731132507324,
  "best_validation_loss": 0.21215772110347947
}