{
  "best_epoch": 1,
  "peak_worker_0_memory_MB": 405.2421875,
  "training_duration": "0:00:00.458319",
  "epoch": 1,
  "training_accuracy": 0.9447916666666667,
  "training_precision": 0.9196078181266785,
  "training_recall": 0.975051999092102,
  "training_f1": 0.9465187191963196,
  "training_loss": 0.276644125332435,
  "training_worker_0_memory_MB": 405.2421875,
  "validation_accuracy": 0.9125,
  "validation_precision": 0.8828125,
  "validation_recall": 0.9495798349380493,
  "validation_f1": 0.9149797558784485,
  "validation_loss": 0.3069263408581416,
  "best_validation_accuracy": 0.9125,
  "best_validation_precision": 0.8828125,
  "best_validation_recall": 0.9495798349380493,
  "best_validation_f1": 0.9149797558784485,
  "best_validation_loss": 0.3069263408581416
}