{
  "best_epoch": 10,
  "peak_worker_0_memory_MB": 407.66015625,
  "training_duration": "0:00:03.998967",
  "epoch": 14,
  "training_accuracy": 0.99375,
  "training_precision": 0.9896907210350037,
  "training_recall": 0.9979209899902344,
  "training_f1": 0.9937888383865356,
  "training_loss": 0.024593588194693438,
  "training_worker_0_memory_MB": 407.66015625,
  "validation_accuracy": 0.9291666666666667,
  "validation_precision": 0.925000011920929,
  "validation_recall": 0.9327731132507324,
  "validation_f1": 0.9288703203201294,
  "validation_loss": 0.2183739701596399,
  "best_validation_accuracy": 0.9333333333333333,
  "best_validation_precision": 0.9327731132507324,
  "best_validation_recall": 0.9327731132507324,
  "best_validation_f1": 0.9327731132507324,
  "best_validation_loss": 0.21215772110347947
}