{
  "best_epoch": 11,
  "peak_worker_0_memory_MB": 493.4921875,
  "training_duration": "0:00:10.725446",
  "epoch": 19,
  "training_accuracy": 0.9895833333333334,
  "training_precision": 0.9878787994384766,
  "training_recall": 0.9918864369392395,
  "training_f1": 0.9898785948753357,
  "training_loss": 0.036341789378956456,
  "training_worker_0_memory_MB": 493.4921875,
  "validation_accuracy": 0.9583333333333334,
  "validation_precision": 0.9449541568756104,
  "validation_recall": 0.9626168012619019,
  "validation_f1": 0.9537037014961243,
  "validation_loss": 0.2396285305536973,
  "best_validation_accuracy": 0.9666666666666667,
  "best_validation_precision": 0.9541284441947937,
  "best_validation_recall": 0.9719626307487488,
  "best_validation_f1": 0.9629629254341125,
  "best_validation_loss": 0.20511452852903556
}