{
  "best_epoch": 11,
  "peak_worker_0_memory_MB": 493.4921875,
  "training_duration": "0:00:08.593604",
  "epoch": 14,
  "training_accuracy": 0.9791666666666666,
  "training_precision": 0.9797160029411316,
  "training_recall": 0.9797160029411316,
  "training_f1": 0.9797160029411316,
  "training_loss": 0.055199586462113835,
  "training_worker_0_memory_MB": 493.4921875,
  "validation_accuracy": 0.9625,
  "validation_precision": 0.9454545378684998,
  "validation_recall": 0.9719626307487488,
  "validation_f1": 0.9585253596305847,
  "validation_loss": 0.23968619986747702,
  "best_validation_accuracy": 0.9666666666666667,
  "best_validation_precision": 0.9541284441947937,
  "best_validation_recall": 0.9719626307487488,
  "best_validation_f1": 0.9629629254341125,
  "best_validation_loss": 0.20511452852903556
}