{
  "best_epoch": 11,
  "peak_worker_0_memory_MB": 493.4921875,
  "training_duration": "0:00:09.914797",
  "epoch": 17,
  "training_accuracy": 0.9864583333333333,
  "training_precision": 0.9800000190734863,
  "training_recall": 0.993914783000946,
  "training_f1": 0.9869083166122437,
  "training_loss": 0.046410336484344346,
  "training_worker_0_memory_MB": 493.4921875,
  "validation_accuracy": 0.9666666666666667,
  "validation_precision": 0.9714285731315613,
  "validation_recall": 0.9532710313796997,
  "validation_f1": 0.9622641801834106,
  "validation_loss": 0.21434551295048246,
  "best_validation_accuracy": 0.9666666666666667,
  "best_validation_precision": 0.9541284441947937,
  "best_validation_recall": 0.9719626307487488,
  "best_validation_f1": 0.9629629254341125,
  "best_validation_loss": 0.20511452852903556
}