{
  "best_epoch": 5,
  "peak_worker_0_memory_MB": 493.4921875,
  "training_duration": "0:00:05.615311",
  "epoch": 8,
  "training_accuracy": 0.9833333333333333,
  "training_precision": 0.9798792600631714,
  "training_recall": 0.9878296256065369,
  "training_f1": 0.9838383793830872,
  "training_loss": 0.05454348018101882,
  "training_worker_0_memory_MB": 493.4921875,
  "validation_accuracy": 0.9625,
  "validation_precision": 0.9454545378684998,
  "validation_recall": 0.9719626307487488,
  "validation_f1": 0.9585253596305847,
  "validation_loss": 0.22406935605492131,
  "best_validation_accuracy": 0.9583333333333334,
  "best_validation_precision": 0.9532710313796997,
  "best_validation_recall": 0.9532710313796997,
  "best_validation_f1": 0.9532710313796997,
  "best_validation_loss": 0.20954366313914458
}