{
  "best_epoch": 5,
  "peak_worker_0_memory_MB": 493.4921875,
  "training_duration": "0:00:06.894415",
  "epoch": 10,
  "training_accuracy": 0.9791666666666666,
  "training_precision": 0.981670081615448,
  "training_recall": 0.9776875972747803,
  "training_f1": 0.979674756526947,
  "training_loss": 0.05559980069881476,
  "training_worker_0_memory_MB": 493.4921875,
  "validation_accuracy": 0.9625,
  "validation_precision": 0.9454545378684998,
  "validation_recall": 0.9719626307487488,
  "validation_f1": 0.9585253596305847,
  "validation_loss": 0.2624774570344016,
  "best_validation_accuracy": 0.9583333333333334,
  "best_validation_precision": 0.9532710313796997,
  "best_validation_recall": 0.9532710313796997,
  "best_validation_f1": 0.9532710313796997,
  "best_validation_loss": 0.20954366313914458
}