{
  "best_epoch": 11,
  "peak_worker_0_memory_MB": 493.4921875,
  "training_duration": "0:00:07.799916",
  "epoch": 12,
  "training_accuracy": 0.9864583333333333,
  "training_precision": 0.9838709831237793,
  "training_recall": 0.9898580312728882,
  "training_f1": 0.9868553876876831,
  "training_loss": 0.04361010100741017,
  "training_worker_0_memory_MB": 493.4921875,
  "validation_accuracy": 0.9583333333333334,
  "validation_precision": 0.9532710313796997,
  "validation_recall": 0.9532710313796997,
  "validation_f1": 0.9532710313796997,
  "validation_loss": 0.23263899099256377,
  "best_validation_accuracy": 0.9666666666666667,
  "best_validation_precision": 0.9541284441947937,
  "best_validation_recall": 0.9719626307487488,
  "best_validation_f1": 0.9629629254341125,
  "best_validation_loss": 0.20511452852903556
}