{
  "best_epoch": 5,
  "peak_worker_0_memory_MB": 493.4921875,
  "training_duration": "0:00:05.978091",
  "epoch": 9,
  "training_accuracy": 0.9854166666666667,
  "training_precision": 0.9818913340568542,
  "training_recall": 0.9898580312728882,
  "training_f1": 0.9858586192131042,
  "training_loss": 0.06468031921782919,
  "training_worker_0_memory_MB": 493.4921875,
  "validation_accuracy": 0.9625,
  "validation_precision": 0.9375,
  "validation_recall": 0.9813084006309509,
  "validation_f1": 0.9589040875434875,
  "validation_loss": 0.22805066946893932,
  "best_validation_accuracy": 0.9583333333333334,
  "best_validation_precision": 0.9532710313796997,
  "best_validation_recall": 0.9532710313796997,
  "best_validation_f1": 0.9532710313796997,
  "best_validation_loss": 0.20954366313914458
}