{
  "best_epoch": 5,
  "peak_worker_0_memory_MB": 406.28515625,
  "training_duration": "0:00:02.798440",
  "epoch": 11,
  "training_accuracy": 0.99375,
  "training_precision": 0.987525999546051,
  "training_recall": 1.0,
  "training_f1": 0.9937238693237305,
  "training_loss": 0.028563655336620287,
  "training_worker_0_memory_MB": 406.28515625,
  "validation_accuracy": 0.925,
  "validation_precision": 0.8962963223457336,
  "validation_recall": 0.9679999947547913,
  "validation_f1": 0.9307692050933838,
  "validation_loss": 0.22605661091705162,
  "best_validation_accuracy": 0.9333333333333333,
  "best_validation_precision": 0.9037036895751953,
  "best_validation_recall": 0.9760000109672546,
  "best_validation_f1": 0.9384614825248718,
  "best_validation_loss": 0.2102212144061923
}