{
  "best_epoch": 2,
  "peak_worker_0_memory_MB": 406.28515625,
  "training_duration": "0:00:00.702134",
  "epoch": 2,
  "training_accuracy": 0.9708333333333333,
  "training_precision": 0.9515151381492615,
  "training_recall": 0.9915789365768433,
  "training_f1": 0.9711340069770813,
  "training_loss": 0.16407177835547676,
  "training_worker_0_memory_MB": 406.28515625,
  "validation_accuracy": 0.9458333333333333,
  "validation_precision": 0.9117646813392639,
  "validation_recall": 0.9919999837875366,
  "validation_f1": 0.9501915574073792,
  "validation_loss": 0.24308441405495007,
  "best_validation_accuracy": 0.9458333333333333,
  "best_validation_precision": 0.9117646813392639,
  "best_validation_recall": 0.9919999837875366,
  "best_validation_f1": 0.9501915574073792,
  "best_validation_loss": 0.24308441405495007
}