{
  "best_epoch": 5,
  "peak_worker_0_memory_MB": 406.28515625,
  "training_duration": "0:00:07.949659",
  "epoch": 15,
  "training_accuracy": 0.9916666666666667,
  "training_precision": 0.9895178079605103,
  "training_recall": 0.9936842322349548,
  "training_f1": 0.9915966987609863,
  "training_loss": 0.023720738685369724,
  "training_worker_0_memory_MB": 406.28515625,
  "validation_accuracy": 0.9291666666666667,
  "validation_precision": 0.8913043737411499,
  "validation_recall": 0.984000027179718,
  "validation_f1": 0.9353612065315247,
  "validation_loss": 0.2487675029784441,
  "best_validation_accuracy": 0.9333333333333333,
  "best_validation_precision": 0.9037036895751953,
  "best_validation_recall": 0.9760000109672546,
  "best_validation_f1": 0.9384614825248718,
  "best_validation_loss": 0.2102212144061923
}