{
  "best_epoch": 1,
  "peak_worker_0_memory_MB": 489.2109375,
  "training_duration": "0:00:05.111231",
  "epoch": 9,
  "training_accuracy": 0.978125,
  "training_precision": 0.9752066135406494,
  "training_recall": 0.9812889695167542,
  "training_f1": 0.9782383441925049,
  "training_loss": 0.07306301932148926,
  "training_worker_0_memory_MB": 489.2109375,
  "validation_accuracy": 0.9541666666666667,
  "validation_precision": 0.9426229596138,
  "validation_recall": 0.9663865566253662,
  "validation_f1": 0.954356849193573,
  "validation_loss": 0.20906102924297254,
  "best_validation_accuracy": 0.9666666666666667,
  "best_validation_precision": 0.9663865566253662,
  "best_validation_recall": 0.9663865566253662,
  "best_validation_f1": 0.9663865566253662,
  "best_validation_loss": 0.18753488833705584
}