{
  "best_epoch": 14,
  "peak_worker_0_memory_MB": 489.2109375,
  "training_duration": "0:00:07.859596",
  "epoch": 16,
  "training_accuracy": 0.9802083333333333,
  "training_precision": 0.9792531132698059,
  "training_recall": 0.9812889695167542,
  "training_f1": 0.9802699685096741,
  "training_loss": 0.06421654444008405,
  "training_worker_0_memory_MB": 489.2109375,
  "validation_accuracy": 0.9541666666666667,
  "validation_precision": 0.9426229596138,
  "validation_recall": 0.9663865566253662,
  "validation_f1": 0.954356849193573,
  "validation_loss": 0.19336088752412858,
  "best_validation_accuracy": 0.9458333333333333,
  "best_validation_precision": 0.9416666626930237,
  "best_validation_recall": 0.9495798349380493,
  "best_validation_f1": 0.9456067085266113,
  "best_validation_loss": 0.17873890246070612
}