{
  "best_epoch": 14,
  "peak_worker_0_memory_MB": 489.2109375,
  "training_duration": "0:00:08.225955",
  "epoch": 17,
  "training_accuracy": 0.9833333333333333,
  "training_precision": 0.9813664555549622,
  "training_recall": 0.9854469895362854,
  "training_f1": 0.9834024906158447,
  "training_loss": 0.0545242078883651,
  "training_worker_0_memory_MB": 489.2109375,
  "validation_accuracy": 0.9625,
  "validation_precision": 0.9583333134651184,
  "validation_recall": 0.9663865566253662,
  "validation_f1": 0.962343156337738,
  "validation_loss": 0.20344270921195856,
  "best_validation_accuracy": 0.9458333333333333,
  "best_validation_precision": 0.9416666626930237,
  "best_validation_recall": 0.9495798349380493,
  "best_validation_f1": 0.9456067085266113,
  "best_validation_loss": 0.17873890246070612
}