{
  "best_epoch": 14,
  "peak_worker_0_memory_MB": 489.2109375,
  "training_duration": "0:00:07.112677",
  "epoch": 14,
  "training_accuracy": 0.978125,
  "training_precision": 0.9771783947944641,
  "training_recall": 0.9792099595069885,
  "training_f1": 0.9781931042671204,
  "training_loss": 0.07977824299462857,
  "training_worker_0_memory_MB": 489.2109375,
  "validation_accuracy": 0.9458333333333333,
  "validation_precision": 0.9416666626930237,
  "validation_recall": 0.9495798349380493,
  "validation_f1": 0.9456067085266113,
  "validation_loss": 0.17873890246070612,
  "best_validation_accuracy": 0.9458333333333333,
  "best_validation_precision": 0.9416666626930237,
  "best_validation_recall": 0.9495798349380493,
  "best_validation_f1": 0.9456067085266113,
  "best_validation_loss": 0.17873890246070612
}