{
  "best_epoch": 1,
  "peak_worker_0_memory_MB": 488.1796875,
  "training_duration": "0:00:01.197179",
  "epoch": 2,
  "training_accuracy": 0.9760416666666667,
  "training_precision": 0.9770833253860474,
  "training_recall": 0.975051999092102,
  "training_f1": 0.9760665893554688,
  "training_loss": 0.129193237733125,
  "training_worker_0_memory_MB": 488.1796875,
  "validation_accuracy": 0.9333333333333333,
  "validation_precision": 0.9557521939277649,
  "validation_recall": 0.9075630307197571,
  "validation_f1": 0.9310344457626343,
  "validation_loss": 0.22441690197835365,
  "best_validation_accuracy": 0.9666666666666667,
  "best_validation_precision": 0.9663865566253662,
  "best_validation_recall": 0.9663865566253662,
  "best_validation_f1": 0.9663865566253662,
  "best_validation_loss": 0.18753488833705584
}