{
  "best_epoch": 14,
  "peak_worker_0_memory_MB": 489.2109375,
  "training_duration": "0:00:08.617718",
  "epoch": 18,
  "training_accuracy": 0.9791666666666666,
  "training_precision": 0.9752577543258667,
  "training_recall": 0.9833679795265198,
  "training_f1": 0.9792960286140442,
  "training_loss": 0.061867141219166415,
  "training_worker_0_memory_MB": 489.2109375,
  "validation_accuracy": 0.9458333333333333,
  "validation_precision": 0.9568965435028076,
  "validation_recall": 0.9327731132507324,
  "validation_f1": 0.9446808695793152,
  "validation_loss": 0.19089002052205614,
  "best_validation_accuracy": 0.9458333333333333,
  "best_validation_precision": 0.9416666626930237,
  "best_validation_recall": 0.9495798349380493,
  "best_validation_f1": 0.9456067085266113,
  "best_validation_loss": 0.17873890246070612
}