{
  "best_epoch": 1,
  "peak_worker_0_memory_MB": 488.1796875,
  "training_duration": "0:00:04.198909",
  "epoch": 7,
  "training_accuracy": 0.978125,
  "training_precision": 0.9771783947944641,
  "training_recall": 0.9792099595069885,
  "training_f1": 0.9781931042671204,
  "training_loss": 0.07624299744008264,
  "training_worker_0_memory_MB": 488.1796875,
  "validation_accuracy": 0.9458333333333333,
  "validation_precision": 0.9416666626930237,
  "validation_recall": 0.9495798349380493,
  "validation_f1": 0.9456067085266113,
  "validation_loss": 0.19471406983987738,
  "best_validation_accuracy": 0.9666666666666667,
  "best_validation_precision": 0.9663865566253662,
  "best_validation_recall": 0.9663865566253662,
  "best_validation_f1": 0.9663865566253662,
  "best_validation_loss": 0.18753488833705584
}