{
  "best_epoch": 1,
  "peak_worker_0_memory_MB": 488.1796875,
  "training_duration": "0:00:01.692154",
  "epoch": 3,
  "training_accuracy": 0.9760416666666667,
  "training_precision": 0.9790794849395752,
  "training_recall": 0.9729729890823364,
  "training_f1": 0.9760167002677917,
  "training_loss": 0.12208253762849684,
  "training_worker_0_memory_MB": 488.1796875,
  "validation_accuracy": 0.9541666666666667,
  "validation_precision": 0.9426229596138,
  "validation_recall": 0.9663865566253662,
  "validation_f1": 0.954356849193573,
  "validation_loss": 0.21777612127674123,
  "best_validation_accuracy": 0.9666666666666667,
  "best_validation_precision": 0.9663865566253662,
  "best_validation_recall": 0.9663865566253662,
  "best_validation_f1": 0.9663865566253662,
  "best_validation_loss": 0.18753488833705584
}