{
  "best_epoch": 4,
  "peak_worker_0_memory_MB": 487.19921875,
  "training_duration": "0:00:02.026361",
  "epoch": 4,
  "training_accuracy": 0.9677083333333333,
  "training_precision": 0.9718614816665649,
  "training_recall": 0.9614561200141907,
  "training_f1": 0.966630756855011,
  "training_loss": 0.11643275305371693,
  "training_worker_0_memory_MB": 487.19921875,
  "validation_accuracy": 0.9791666666666666,
  "validation_precision": 0.9923076629638672,
  "validation_recall": 0.969924807548523,
  "validation_f1": 0.9809885621070862,
  "validation_loss": 0.1204614428182443,
  "best_validation_accuracy": 0.9791666666666666,
  "best_validation_precision": 0.9923076629638672,
  "best_validation_recall": 0.969924807548523,
  "best_validation_f1": 0.9809885621070862,
  "best_validation_loss": 0.1204614428182443
}