{
  "best_epoch": 9,
  "peak_worker_0_memory_MB": 488.4765625,
  "training_duration": "0:00:07.986681",
  "epoch": 19,
  "training_accuracy": 0.9791666666666666,
  "training_precision": 0.9765458703041077,
  "training_recall": 0.980728030204773,
  "training_f1": 0.9786324501037598,
  "training_loss": 0.060352651283998665,
  "training_worker_0_memory_MB": 488.4765625,
  "validation_accuracy": 0.9833333333333333,
  "validation_precision": 0.9923664331436157,
  "validation_recall": 0.9774436354637146,
  "validation_f1": 0.9848485589027405,
  "validation_loss": 0.08215163960121571,
  "best_validation_accuracy": 0.9875,
  "best_validation_precision": 0.9924242496490479,
  "best_validation_recall": 0.9849624037742615,
  "best_validation_f1": 0.9886792302131653,
  "best_validation_loss": 0.08122301948412011
}