{
  "best_epoch": 9,
  "peak_worker_0_memory_MB": 488.4296875,
  "training_duration": "0:00:04.616996",
  "epoch": 11,
  "training_accuracy": 0.9770833333333333,
  "training_precision": 0.9684210419654846,
  "training_recall": 0.9850106835365295,
  "training_f1": 0.9766454100608826,
  "training_loss": 0.0731864133126995,
  "training_worker_0_memory_MB": 488.4296875,
  "validation_accuracy": 0.9666666666666667,
  "validation_precision": 0.9921259880065918,
  "validation_recall": 0.9473684430122375,
  "validation_f1": 0.9692308306694031,
  "validation_loss": 0.1289876200258732,
  "best_validation_accuracy": 0.9875,
  "best_validation_precision": 0.9924242496490479,
  "best_validation_recall": 0.9849624037742615,
  "best_validation_f1": 0.9886792302131653,
  "best_validation_loss": 0.08122301948412011
}