{
  "best_epoch": 9,
  "peak_worker_0_memory_MB": 488.4765625,
  "training_duration": "0:00:07.589214",
  "epoch": 18,
  "training_accuracy": 0.9739583333333334,
  "training_precision": 0.9682203531265259,
  "training_recall": 0.978586733341217,
  "training_f1": 0.9733759164810181,
  "training_loss": 0.07336099272409531,
  "training_worker_0_memory_MB": 488.4765625,
  "validation_accuracy": 0.9833333333333333,
  "validation_precision": 0.9923664331436157,
  "validation_recall": 0.9774436354637146,
  "validation_f1": 0.9848485589027405,
  "validation_loss": 0.09232703655337295,
  "best_validation_accuracy": 0.9875,
  "best_validation_precision": 0.9924242496490479,
  "best_validation_recall": 0.9849624037742615,
  "best_validation_f1": 0.9886792302131653,
  "best_validation_loss": 0.08122301948412011
}