{
  "best_epoch": 9,
  "peak_worker_0_memory_MB": 488.4296875,
  "training_duration": "0:00:04.221976",
  "epoch": 10,
  "training_accuracy": 0.9770833333333333,
  "training_precision": 0.9704017043113708,
  "training_recall": 0.9828693866729736,
  "training_f1": 0.9765957593917847,
  "training_loss": 0.08319222654342108,
  "training_worker_0_memory_MB": 488.4296875,
  "validation_accuracy": 0.9708333333333333,
  "validation_precision": 0.9921875,
  "validation_recall": 0.9548872113227844,
  "validation_f1": 0.9731801152229309,
  "validation_loss": 0.1201172519242391,
  "best_validation_accuracy": 0.9875,
  "best_validation_precision": 0.9924242496490479,
  "best_validation_recall": 0.9849624037742615,
  "best_validation_f1": 0.9886792302131653,
  "best_validation_loss": 0.08122301948412011
}