{
  "best_epoch": 6,
  "peak_worker_0_memory_MB": 488.4296875,
  "training_duration": "0:00:03.470910",
  "epoch": 8,
  "training_accuracy": 0.971875,
  "training_precision": 0.9700854420661926,
  "training_recall": 0.9721627235412598,
  "training_f1": 0.9711229801177979,
  "training_loss": 0.09457956784099224,
  "training_worker_0_memory_MB": 488.4296875,
  "validation_accuracy": 0.9791666666666666,
  "validation_precision": 0.9923076629638672,
  "validation_recall": 0.969924807548523,
  "validation_f1": 0.9809885621070862,
  "validation_loss": 0.12875802842900158,
  "best_validation_accuracy": 0.9791666666666666,
  "best_validation_precision": 0.9923076629638672,
  "best_validation_recall": 0.969924807548523,
  "best_validation_f1": 0.9809885621070862,
  "best_validation_loss": 0.09946941890132924
}