{
  "best_epoch": 9,
  "peak_worker_0_memory_MB": 488.4296875,
  "training_duration": "0:00:06.071513",
  "epoch": 14,
  "training_accuracy": 0.9770833333333333,
  "training_precision": 0.9723991751670837,
  "training_recall": 0.980728030204773,
  "training_f1": 0.9765458703041077,
  "training_loss": 0.08288575587163602,
  "training_worker_0_memory_MB": 488.4296875,
  "validation_accuracy": 0.9875,
  "validation_precision": 0.9924242496490479,
  "validation_recall": 0.9849624037742615,
  "validation_f1": 0.9886792302131653,
  "validation_loss": 0.08350700447335839,
  "best_validation_accuracy": 0.9875,
  "best_validation_precision": 0.9924242496490479,
  "best_validation_recall": 0.9849624037742615,
  "best_validation_f1": 0.9886792302131653,
  "best_validation_loss": 0.08122301948412011
}