{
  "best_epoch": 4,
  "peak_worker_0_memory_MB": 488.33984375,
  "training_duration": "0:00:02.375849",
  "epoch": 5,
  "training_accuracy": 0.971875,
  "training_precision": 0.9700854420661926,
  "training_recall": 0.9721627235412598,
  "training_f1": 0.9711229801177979,
  "training_loss": 0.12186475580456317,
  "training_worker_0_memory_MB": 488.33984375,
  "validation_accuracy": 0.9625,
  "validation_precision": 0.9920634627342224,
  "validation_recall": 0.9398496150970459,
  "validation_f1": 0.9652509093284607,
  "validation_loss": 0.14077868883808453,
  "best_validation_accuracy": 0.9791666666666666,
  "best_validation_precision": 0.9923076629638672,
  "best_validation_recall": 0.969924807548523,
  "best_validation_f1": 0.9809885621070862,
  "best_validation_loss": 0.1204614428182443
}