{
  "best_epoch": 7,
  "peak_worker_0_memory_MB": 486.9140625,
  "training_duration": "0:00:05.049513",
  "epoch": 7,
  "training_accuracy": 0.9666666666666667,
  "training_precision": 0.9613820910453796,
  "training_recall": 0.9732510447502136,
  "training_f1": 0.9672802090644836,
  "training_loss": 0.11126133307310132,
  "training_worker_0_memory_MB": 486.9140625,
  "validation_accuracy": 0.9458333333333333,
  "validation_precision": 0.9469026327133179,
  "validation_recall": 0.9385964870452881,
  "validation_f1": 0.9427312612533569,
  "validation_loss": 0.1693405379851659,
  "best_validation_accuracy": 0.9458333333333333,
  "best_validation_precision": 0.9469026327133179,
  "best_validation_recall": 0.9385964870452881,
  "best_validation_f1": 0.9427312612533569,
  "best_validation_loss": 0.1693405379851659
}