{
  "best_epoch": 3,
  "peak_worker_0_memory_MB": 486.9140625,
  "training_duration": "0:00:04.668442",
  "epoch": 6,
  "training_accuracy": 0.959375,
  "training_precision": 0.953346848487854,
  "training_recall": 0.9670782089233398,
  "training_f1": 0.960163414478302,
  "training_loss": 0.136022276081106,
  "training_worker_0_memory_MB": 486.9140625,
  "validation_accuracy": 0.9375,
  "validation_precision": 0.9230769276618958,
  "validation_recall": 0.9473684430122375,
  "validation_f1": 0.935064971446991,
  "validation_loss": 0.20629440949608882,
  "best_validation_accuracy": 0.9416666666666667,
  "best_validation_precision": 0.9385964870452881,
  "best_validation_recall": 0.9385964870452881,
  "best_validation_f1": 0.9385964870452881,
  "best_validation_loss": 0.17963652337590855
}