{
  "best_epoch": 7,
  "peak_worker_0_memory_MB": 486.9140625,
  "training_duration": "0:00:08.234745",
  "epoch": 15,
  "training_accuracy": 0.9666666666666667,
  "training_precision": 0.9613820910453796,
  "training_recall": 0.9732510447502136,
  "training_f1": 0.9672802090644836,
  "training_loss": 0.08789980714094175,
  "training_worker_0_memory_MB": 486.9140625,
  "validation_accuracy": 0.9458333333333333,
  "validation_precision": 0.924369752407074,
  "validation_recall": 0.9649122953414917,
  "validation_f1": 0.9442060589790344,
  "validation_loss": 0.21455512644412617,
  "best_validation_accuracy": 0.9458333333333333,
  "best_validation_precision": 0.9469026327133179,
  "best_validation_recall": 0.9385964870452881,
  "best_validation_f1": 0.9427312612533569,
  "best_validation_loss": 0.1693405379851659
}