{
  "best_epoch": 7,
  "peak_worker_0_memory_MB": 486.9140625,
  "training_duration": "0:00:08.941553",
  "epoch": 16,
  "training_accuracy": 0.9677083333333333,
  "training_precision": 0.9540917873382568,
  "training_recall": 0.9835391044616699,
  "training_f1": 0.9685916304588318,
  "training_loss": 0.08749424069828819,
  "training_worker_0_memory_MB": 486.9140625,
  "validation_accuracy": 0.9416666666666667,
  "validation_precision": 0.9385964870452881,
  "validation_recall": 0.9385964870452881,
  "validation_f1": 0.9385964870452881,
  "validation_loss": 0.1930919761924694,
  "best_validation_accuracy": 0.9458333333333333,
  "best_validation_precision": 0.9469026327133179,
  "best_validation_recall": 0.9385964870452881,
  "best_validation_f1": 0.9427312612533569,
  "best_validation_loss": 0.1693405379851659
}