{
  "best_epoch": 7,
  "peak_worker_0_memory_MB": 486.9140625,
  "training_duration": "0:00:05.867340",
  "epoch": 9,
  "training_accuracy": 0.9635416666666666,
  "training_precision": 0.9592667818069458,
  "training_recall": 0.9691358208656311,
  "training_f1": 0.9641759991645813,
  "training_loss": 0.09932520888396539,
  "training_worker_0_memory_MB": 486.9140625,
  "validation_accuracy": 0.9416666666666667,
  "validation_precision": 0.9385964870452881,
  "validation_recall": 0.9385964870452881,
  "validation_f1": 0.9385964870452881,
  "validation_loss": 0.19418456396088005,
  "best_validation_accuracy": 0.9458333333333333,
  "best_validation_precision": 0.9469026327133179,
  "best_validation_recall": 0.9385964870452881,
  "best_validation_f1": 0.9427312612533569,
  "best_validation_loss": 0.1693405379851659
}