{
  "best_epoch": 6,
  "peak_worker_0_memory_MB": 407.078125,
  "training_duration": "0:00:02.559035",
  "epoch": 10,
  "training_accuracy": 0.99375,
  "training_precision": 0.9895397424697876,
  "training_recall": 0.997890293598175,
  "training_f1": 0.9936974048614502,
  "training_loss": 0.026350372074133096,
  "training_worker_0_memory_MB": 407.078125,
  "validation_accuracy": 0.9375,
  "validation_precision": 0.8936170339584351,
  "validation_recall": 1.0,
  "validation_f1": 0.9438202381134033,
  "validation_loss": 0.25219319133708873,
  "best_validation_accuracy": 0.9375,
  "best_validation_precision": 0.8992805480957031,
  "best_validation_recall": 0.9920634627342224,
  "best_validation_f1": 0.9433961510658264,
  "best_validation_loss": 0.2329744586100181
}