{
  "best_epoch": 6,
  "peak_worker_0_memory_MB": 407.078125,
  "training_duration": "0:00:06.093910",
  "epoch": 19,
  "training_accuracy": 0.9958333333333333,
  "training_precision": 0.991631805896759,
  "training_recall": 1.0,
  "training_f1": 0.9957983493804932,
  "training_loss": 0.015713717314671763,
  "training_worker_0_memory_MB": 407.078125,
  "validation_accuracy": 0.9291666666666667,
  "validation_precision": 0.881118893623352,
  "validation_recall": 1.0,
  "validation_f1": 0.9368029832839966,
  "validation_loss": 0.2946057912117491,
  "best_validation_accuracy": 0.9375,
  "best_validation_precision": 0.8992805480957031,
  "best_validation_recall": 0.9920634627342224,
  "best_validation_f1": 0.9433961510658264,
  "best_validation_loss": 0.2329744586100181
}