{
  "best_epoch": 5,
  "peak_worker_0_memory_MB": 404.6796875,
  "training_duration": "0:00:01.613328",
  "epoch": 6,
  "training_accuracy": 0.9864583333333333,
  "training_precision": 0.977505087852478,
  "training_recall": 0.9958333373069763,
  "training_f1": 0.9865841269493103,
  "training_loss": 0.05380902016380181,
  "training_worker_0_memory_MB": 404.6796875,
  "validation_accuracy": 0.9375,
  "validation_precision": 0.8888888955116272,
  "validation_recall": 1.0,
  "validation_f1": 0.9411765336990356,
  "validation_loss": 0.26900198236107825,
  "best_validation_accuracy": 0.9375,
  "best_validation_precision": 0.8888888955116272,
  "best_validation_recall": 1.0,
  "best_validation_f1": 0.9411765336990356,
  "best_validation_loss": 0.2676241111010313
}