{
  "best_epoch": 7,
  "peak_worker_0_memory_MB": 404.6796875,
  "training_duration": "0:00:02.039222",
  "epoch": 8,
  "training_accuracy": 0.9895833333333334,
  "training_precision": 0.9815573692321777,
  "training_recall": 0.9979166388511658,
  "training_f1": 0.9896693825721741,
  "training_loss": 0.038836393693539625,
  "training_worker_0_memory_MB": 404.6796875,
  "validation_accuracy": 0.9416666666666667,
  "validation_precision": 0.89552241563797,
  "validation_recall": 1.0,
  "validation_f1": 0.9448819160461426,
  "validation_loss": 0.26917420799533526,
  "best_validation_accuracy": 0.9375,
  "best_validation_precision": 0.8888888955116272,
  "best_validation_recall": 1.0,
  "best_validation_f1": 0.9411765336990356,
  "best_validation_loss": 0.2643212706471483
}