{
  "best_epoch": 7,
  "peak_worker_0_memory_MB": 404.6796875,
  "training_duration": "0:00:02.860006",
  "epoch": 12,
  "training_accuracy": 0.9927083333333333,
  "training_precision": 0.9896480441093445,
  "training_recall": 0.9958333373069763,
  "training_f1": 0.9927310943603516,
  "training_loss": 0.02614993457197367,
  "training_worker_0_memory_MB": 404.6796875,
  "validation_accuracy": 0.925,
  "validation_precision": 0.8863636255264282,
  "validation_recall": 0.9750000238418579,
  "validation_f1": 0.9285714626312256,
  "validation_loss": 0.28107272513831655,
  "best_validation_accuracy": 0.9375,
  "best_validation_precision": 0.8888888955116272,
  "best_validation_recall": 1.0,
  "best_validation_f1": 0.9411765336990356,
  "best_validation_loss": 0.2643212706471483
}