{
  "best_epoch": 7,
  "peak_worker_0_memory_MB": 404.6796875,
  "training_duration": "0:00:03.245531",
  "epoch": 14,
  "training_accuracy": 0.9947916666666666,
  "training_precision": 0.9917184114456177,
  "training_recall": 0.9979166388511658,
  "training_f1": 0.9948078989982605,
  "training_loss": 0.02311985301057575,
  "training_worker_0_memory_MB": 404.6796875,
  "validation_accuracy": 0.9291666666666667,
  "validation_precision": 0.8931297659873962,
  "validation_recall": 0.9750000238418579,
  "validation_f1": 0.9322710037231445,
  "validation_loss": 0.28586821832383674,
  "best_validation_accuracy": 0.9375,
  "best_validation_precision": 0.8888888955116272,
  "best_validation_recall": 1.0,
  "best_validation_f1": 0.9411765336990356,
  "best_validation_loss": 0.2643212706471483
}