{
  "best_epoch": 7,
  "peak_worker_0_memory_MB": 404.6796875,
  "training_duration": "0:00:03.054277",
  "epoch": 13,
  "training_accuracy": 0.99375,
  "training_precision": 0.9917012453079224,
  "training_recall": 0.9958333373069763,
  "training_f1": 0.9937630295753479,
  "training_loss": 0.024496983539817545,
  "training_worker_0_memory_MB": 404.6796875,
  "validation_accuracy": 0.9291666666666667,
  "validation_precision": 0.8872180581092834,
  "validation_recall": 0.9833333492279053,
  "validation_f1": 0.9328063726425171,
  "validation_loss": 0.29095956962555647,
  "best_validation_accuracy": 0.9375,
  "best_validation_precision": 0.8888888955116272,
  "best_validation_recall": 1.0,
  "best_validation_f1": 0.9411765336990356,
  "best_validation_loss": 0.2643212706471483
}