{
  "best_epoch": 7,
  "peak_worker_0_memory_MB": 404.6796875,
  "training_duration": "0:00:04.025350",
  "epoch": 18,
  "training_accuracy": 0.9947916666666666,
  "training_precision": 0.9917184114456177,
  "training_recall": 0.9979166388511658,
  "training_f1": 0.9948078989982605,
  "training_loss": 0.018880688099670806,
  "training_worker_0_memory_MB": 404.6796875,
  "validation_accuracy": 0.9208333333333333,
  "validation_precision": 0.8914728760719299,
  "validation_recall": 0.9583333134651184,
  "validation_f1": 0.9236947894096375,
  "validation_loss": 0.3025444088348498,
  "best_validation_accuracy": 0.9375,
  "best_validation_precision": 0.8888888955116272,
  "best_validation_recall": 1.0,
  "best_validation_f1": 0.9411765336990356,
  "best_validation_loss": 0.2643212706471483
}