{
  "best_epoch": 4,
  "peak_worker_0_memory_MB": 404.6796875,
  "training_duration": "0:00:01.169269",
  "epoch": 4,
  "training_accuracy": 0.9770833333333333,
  "training_precision": 0.9635627269744873,
  "training_recall": 0.9916666746139526,
  "training_f1": 0.9774127006530762,
  "training_loss": 0.08625241408590227,
  "training_worker_0_memory_MB": 404.6796875,
  "validation_accuracy": 0.9333333333333333,
  "validation_precision": 0.8823529481887817,
  "validation_recall": 1.0,
  "validation_f1": 0.9375,
  "validation_loss": 0.27406263376275697,
  "best_validation_accuracy": 0.9333333333333333,
  "best_validation_precision": 0.8823529481887817,
  "best_validation_recall": 1.0,
  "best_validation_f1": 0.9375,
  "best_validation_loss": 0.27406263376275697
}