{
  "best_epoch": 5,
  "peak_worker_0_memory_MB": 406.2734375,
  "training_duration": "0:00:07.997019",
  "epoch": 17,
  "training_accuracy": 0.990625,
  "training_precision": 0.9879032373428345,
  "training_recall": 0.993914783000946,
  "training_f1": 0.990899920463562,
  "training_loss": 0.023459946191481625,
  "training_worker_0_memory_MB": 406.2734375,
  "validation_accuracy": 0.9291666666666667,
  "validation_precision": 0.875,
  "validation_recall": 0.9813084006309509,
  "validation_f1": 0.9251101016998291,
  "validation_loss": 0.2252789908554405,
  "best_validation_accuracy": 0.9375,
  "best_validation_precision": 0.9107142686843872,
  "best_validation_recall": 0.9532710313796997,
  "best_validation_f1": 0.9315068125724792,
  "best_validation_loss": 0.18683231739948195
}