{
  "best_epoch": 5,
  "peak_worker_0_memory_MB": 406.2734375,
  "training_duration": "0:00:06.487613",
  "epoch": 14,
  "training_accuracy": 0.9927083333333333,
  "training_precision": 0.9899193644523621,
  "training_recall": 0.9959431886672974,
  "training_f1": 0.9929221868515015,
  "training_loss": 0.025553484551104098,
  "training_worker_0_memory_MB": 406.2734375,
  "validation_accuracy": 0.9291666666666667,
  "validation_precision": 0.875,
  "validation_recall": 0.9813084006309509,
  "validation_f1": 0.9251101016998291,
  "validation_loss": 0.21323420509385566,
  "best_validation_accuracy": 0.9375,
  "best_validation_precision": 0.9107142686843872,
  "best_validation_recall": 0.9532710313796997,
  "best_validation_f1": 0.9315068125724792,
  "best_validation_loss": 0.18683231739948195
}