{
  "best_epoch": 2,
  "peak_worker_0_memory_MB": 406.2734375,
  "training_duration": "0:00:00.695240",
  "epoch": 2,
  "training_accuracy": 0.9739583333333334,
  "training_precision": 0.9552529454231262,
  "training_recall": 0.9959431886672974,
  "training_f1": 0.9751737713813782,
  "training_loss": 0.16232656550904115,
  "training_worker_0_memory_MB": 406.2734375,
  "validation_accuracy": 0.9333333333333333,
  "validation_precision": 0.895652174949646,
  "validation_recall": 0.9626168012619019,
  "validation_f1": 0.9279279112815857,
  "validation_loss": 0.23260011511544387,
  "best_validation_accuracy": 0.9333333333333333,
  "best_validation_precision": 0.895652174949646,
  "best_validation_recall": 0.9626168012619019,
  "best_validation_f1": 0.9279279112815857,
  "best_validation_loss": 0.23260011511544387
}