{
  "best_epoch": 3,
  "peak_worker_0_memory_MB": 488.66015625,
  "training_duration": "0:00:01.706924",
  "epoch": 3,
  "training_accuracy": 0.9760416666666667,
  "training_precision": 0.9792099595069885,
  "training_recall": 0.9731404781341553,
  "training_f1": 0.9761658310890198,
  "training_loss": 0.10925710983137833,
  "training_worker_0_memory_MB": 488.66015625,
  "validation_accuracy": 0.9625,
  "validation_precision": 0.9572649598121643,
  "validation_recall": 0.9655172228813171,
  "validation_f1": 0.9613733887672424,
  "validation_loss": 0.17166883166258534,
  "best_validation_accuracy": 0.9625,
  "best_validation_precision": 0.9572649598121643,
  "best_validation_recall": 0.9655172228813171,
  "best_validation_f1": 0.9613733887672424,
  "best_validation_loss": 0.17166883166258534
}