{
  "best_epoch": 8,
  "peak_worker_0_memory_MB": 488.66015625,
  "training_duration": "0:00:07.856854",
  "epoch": 14,
  "training_accuracy": 0.9770833333333333,
  "training_precision": 0.9772727489471436,
  "training_recall": 0.9772727489471436,
  "training_f1": 0.9772727489471436,
  "training_loss": 0.06759343722321015,
  "training_worker_0_memory_MB": 488.66015625,
  "validation_accuracy": 0.9791666666666666,
  "validation_precision": 0.9663865566253662,
  "validation_recall": 0.9913793206214905,
  "validation_f1": 0.9787234663963318,
  "validation_loss": 0.15792516633712997,
  "best_validation_accuracy": 0.9708333333333333,
  "best_validation_precision": 0.9579831957817078,
  "best_validation_recall": 0.982758641242981,
  "best_validation_f1": 0.9702128171920776,
  "best_validation_loss": 0.15068879650595288
}