{
  "best_epoch": 3,
  "peak_worker_0_memory_MB": 488.66015625,
  "training_duration": "0:00:03.055048",
  "epoch": 6,
  "training_accuracy": 0.9770833333333333,
  "training_precision": 0.9733606576919556,
  "training_recall": 0.9814049601554871,
  "training_f1": 0.9773663282394409,
  "training_loss": 0.0887057764461133,
  "training_worker_0_memory_MB": 488.66015625,
  "validation_accuracy": 0.9291666666666667,
  "validation_precision": 0.9626168012619019,
  "validation_recall": 0.8879310488700867,
  "validation_f1": 0.9237668514251709,
  "validation_loss": 0.19793523117744674,
  "best_validation_accuracy": 0.9625,
  "best_validation_precision": 0.9572649598121643,
  "best_validation_recall": 0.9655172228813171,
  "best_validation_f1": 0.9613733887672424,
  "best_validation_loss": 0.17166883166258534
}