{
  "best_epoch": 8,
  "peak_worker_0_memory_MB": 488.66015625,
  "training_duration": "0:00:08.249856",
  "epoch": 15,
  "training_accuracy": 0.9822916666666667,
  "training_precision": 0.9794661402702332,
  "training_recall": 0.9855371713638306,
  "training_f1": 0.9824922680854797,
  "training_loss": 0.058578926989866886,
  "training_worker_0_memory_MB": 488.66015625,
  "validation_accuracy": 0.975,
  "validation_precision": 0.9661017060279846,
  "validation_recall": 0.982758641242981,
  "validation_f1": 0.9743589162826538,
  "validation_loss": 0.16399725362813722,
  "best_validation_accuracy": 0.9708333333333333,
  "best_validation_precision": 0.9579831957817078,
  "best_validation_recall": 0.982758641242981,
  "best_validation_f1": 0.9702128171920776,
  "best_validation_loss": 0.15068879650595288
}