{
  "best_epoch": 8,
  "peak_worker_0_memory_MB": 488.66015625,
  "training_duration": "0:00:08.632360",
  "epoch": 16,
  "training_accuracy": 0.9822916666666667,
  "training_precision": 0.977505087852478,
  "training_recall": 0.9876033067703247,
  "training_f1": 0.9825282692909241,
  "training_loss": 0.05655224126409545,
  "training_worker_0_memory_MB": 488.66015625,
  "validation_accuracy": 0.9666666666666667,
  "validation_precision": 0.9576271176338196,
  "validation_recall": 0.9741379022598267,
  "validation_f1": 0.9658119082450867,
  "validation_loss": 0.15317946000335117,
  "best_validation_accuracy": 0.9708333333333333,
  "best_validation_precision": 0.9579831957817078,
  "best_validation_recall": 0.982758641242981,
  "best_validation_f1": 0.9702128171920776,
  "best_validation_loss": 0.15068879650595288
}