{
  "best_epoch": 0,
  "peak_worker_0_memory_MB": 403.3671875,
  "training_duration": "0:00:00.234205",
  "epoch": 0,
  "training_accuracy": 0.609375,
  "training_precision": 0.5647608041763306,
  "training_recall": 0.9958847761154175,
  "training_f1": 0.7207744121551514,
  "training_loss": 0.5934202949206034,
  "training_worker_0_memory_MB": 403.3671875,
  "validation_accuracy": 0.8166666666666667,
  "validation_precision": 0.7215189933776855,
  "validation_recall": 1.0,
  "validation_f1": 0.8382353186607361,
  "validation_loss": 0.4647128790616989,
  "best_validation_accuracy": 0.8166666666666667,
  "best_validation_precision": 0.7215189933776855,
  "best_validation_recall": 1.0,
  "best_validation_f1": 0.8382353186607361,
  "best_validation_loss": 0.4647128790616989
}