{
  "best_epoch": 6,
  "peak_worker_0_memory_MB": 407.75390625,
  "training_duration": "0:00:01.870353",
  "epoch": 6,
  "training_accuracy": 0.9833333333333333,
  "training_precision": 0.9700000286102295,
  "training_recall": 0.9979423880577087,
  "training_f1": 0.9837728142738342,
  "training_loss": 0.0623757773428224,
  "training_worker_0_memory_MB": 407.75390625,
  "validation_accuracy": 0.9208333333333333,
  "validation_precision": 0.8571428656578064,
  "validation_recall": 1.0,
  "validation_f1": 0.9230769276618958,
  "validation_loss": 0.20446921965728204,
  "best_validation_accuracy": 0.9208333333333333,
  "best_validation_precision": 0.8571428656578064,
  "best_validation_recall": 1.0,
  "best_validation_f1": 0.9230769276618958,
  "best_validation_loss": 0.20446921965728204
}