{
  "best_epoch": 4,
  "peak_worker_0_memory_MB": 407.75390625,
  "training_duration": "0:00:01.406017",
  "epoch": 4,
  "training_accuracy": 0.9802083333333333,
  "training_precision": 0.9642146825790405,
  "training_recall": 0.9979423880577087,
  "training_f1": 0.9807886481285095,
  "training_loss": 0.09629773285705596,
  "training_worker_0_memory_MB": 407.75390625,
  "validation_accuracy": 0.9125,
  "validation_precision": 0.8496240377426147,
  "validation_recall": 0.9912280440330505,
  "validation_f1": 0.9149797558784485,
  "validation_loss": 0.2173647609849771,
  "best_validation_accuracy": 0.9125,
  "best_validation_precision": 0.8496240377426147,
  "best_validation_recall": 0.9912280440330505,
  "best_validation_f1": 0.9149797558784485,
  "best_validation_loss": 0.2173647609849771
}