{
  "best_epoch": 7,
  "peak_worker_0_memory_MB": 407.75390625,
  "training_duration": "0:00:02.080674",
  "epoch": 7,
  "training_accuracy": 0.9864583333333333,
  "training_precision": 0.9758551120758057,
  "training_recall": 0.9979423880577087,
  "training_f1": 0.9867751598358154,
  "training_loss": 0.05335190697611931,
  "training_worker_0_memory_MB": 407.75390625,
  "validation_accuracy": 0.9208333333333333,
  "validation_precision": 0.8571428656578064,
  "validation_recall": 1.0,
  "validation_f1": 0.9230769276618958,
  "validation_loss": 0.20309017260248463,
  "best_validation_accuracy": 0.9208333333333333,
  "best_validation_precision": 0.8571428656578064,
  "best_validation_recall": 1.0,
  "best_validation_f1": 0.9230769276618958,
  "best_validation_loss": 0.20309017260248463
}