{
  "best_epoch": 14,
  "peak_worker_0_memory_MB": 488.1484375,
  "training_duration": "0:00:06.638285",
  "epoch": 15,
  "training_accuracy": 0.965625,
  "training_precision": 0.954639196395874,
  "training_recall": 0.9767932295799255,
  "training_f1": 0.9655891060829163,
  "training_loss": 0.09556295670045074,
  "training_worker_0_memory_MB": 488.1484375,
  "validation_accuracy": 0.9583333333333334,
  "validation_precision": 0.953125,
  "validation_recall": 0.9682539701461792,
  "validation_f1": 0.960629940032959,
  "validation_loss": 0.1576964405675729,
  "best_validation_accuracy": 0.9583333333333334,
  "best_validation_precision": 0.953125,
  "best_validation_recall": 0.9682539701461792,
  "best_validation_f1": 0.960629940032959,
  "best_validation_loss": 0.13076319078293938
}