{
  "best_epoch": 9,
  "peak_worker_0_memory_MB": 487.890625,
  "training_duration": "0:00:05.484285",
  "epoch": 12,
  "training_accuracy": 0.9697916666666667,
  "training_precision": 0.9606625437736511,
  "training_recall": 0.9789029359817505,
  "training_f1": 0.9696969985961914,
  "training_loss": 0.10055269201887616,
  "training_worker_0_memory_MB": 487.890625,
  "validation_accuracy": 0.9541666666666667,
  "validation_precision": 0.9527559280395508,
  "validation_recall": 0.9603174328804016,
  "validation_f1": 0.95652174949646,
  "validation_loss": 0.15079907779581844,
  "best_validation_accuracy": 0.9666666666666667,
  "best_validation_precision": 0.9609375,
  "best_validation_recall": 0.976190447807312,
  "best_validation_f1": 0.9685039520263672,
  "best_validation_loss": 0.134792390690806
}