{
  "best_epoch": 14,
  "peak_worker_0_memory_MB": 488.1484375,
  "training_duration": "0:00:07.473248",
  "epoch": 17,
  "training_accuracy": 0.96875,
  "training_precision": 0.9512194991111755,
  "training_recall": 0.9873417615890503,
  "training_f1": 0.9689441323280334,
  "training_loss": 0.08441436400547293,
  "training_worker_0_memory_MB": 488.1484375,
  "validation_accuracy": 0.9541666666666667,
  "validation_precision": 0.9599999785423279,
  "validation_recall": 0.9523809552192688,
  "validation_f1": 0.9561753273010254,
  "validation_loss": 0.16362050119787455,
  "best_validation_accuracy": 0.9583333333333334,
  "best_validation_precision": 0.953125,
  "best_validation_recall": 0.9682539701461792,
  "best_validation_f1": 0.960629940032959,
  "best_validation_loss": 0.13076319078293938
}