{
  "best_epoch": 5,
  "peak_worker_0_memory_MB": 487.890625,
  "training_duration": "0:00:02.241029",
  "epoch": 5,
  "training_accuracy": 0.9625,
  "training_precision": 0.954356849193573,
  "training_recall": 0.9704641103744507,
  "training_f1": 0.962343156337738,
  "training_loss": 0.12220328452676768,
  "training_worker_0_memory_MB": 487.890625,
  "validation_accuracy": 0.9708333333333333,
  "validation_precision": 0.9473684430122375,
  "validation_recall": 1.0,
  "validation_f1": 0.9729729890823364,
  "validation_loss": 0.14103967379390572,
  "best_validation_accuracy": 0.9708333333333333,
  "best_validation_precision": 0.9473684430122375,
  "best_validation_recall": 1.0,
  "best_validation_f1": 0.9729729890823364,
  "best_validation_loss": 0.14103967379390572
}