{
  "best_epoch": 11,
  "peak_worker_0_memory_MB": 488.9296875,
  "training_duration": "0:00:09.224342",
  "epoch": 17,
  "training_accuracy": 0.9760416666666667,
  "training_precision": 0.9700000286102295,
  "training_recall": 0.9837728142738342,
  "training_f1": 0.9768378734588623,
  "training_loss": 0.06882434014323735,
  "training_worker_0_memory_MB": 488.9296875,
  "validation_accuracy": 0.9583333333333334,
  "validation_precision": 0.9532710313796997,
  "validation_recall": 0.9532710313796997,
  "validation_f1": 0.9532710313796997,
  "validation_loss": 0.21058271500902873,
  "best_validation_accuracy": 0.9583333333333334,
  "best_validation_precision": 0.9449541568756104,
  "best_validation_recall": 0.9626168012619019,
  "best_validation_f1": 0.9537037014961243,
  "best_validation_loss": 0.20350409710469344
}