{
  "best_epoch": 11,
  "peak_worker_0_memory_MB": 488.9296875,
  "training_duration": "0:00:06.657819",
  "epoch": 13,
  "training_accuracy": 0.978125,
  "training_precision": 0.97773277759552,
  "training_recall": 0.9797160029411316,
  "training_f1": 0.978723406791687,
  "training_loss": 0.06512373904994699,
  "training_worker_0_memory_MB": 488.9296875,
  "validation_accuracy": 0.9625,
  "validation_precision": 0.9454545378684998,
  "validation_recall": 0.9719626307487488,
  "validation_f1": 0.9585253596305847,
  "validation_loss": 0.2344029459830684,
  "best_validation_accuracy": 0.9583333333333334,
  "best_validation_precision": 0.9449541568756104,
  "best_validation_recall": 0.9626168012619019,
  "best_validation_f1": 0.9537037014961243,
  "best_validation_loss": 0.20350409710469344
}