{
  "best_epoch": 0,
  "peak_worker_0_memory_MB": 488.8515625,
  "training_duration": "0:00:00.968429",
  "epoch": 1,
  "training_accuracy": 0.9645833333333333,
  "training_precision": 0.9655172228813171,
  "training_recall": 0.9655172228813171,
  "training_f1": 0.9655172228813171,
  "training_loss": 0.1522780930409984,
  "training_worker_0_memory_MB": 488.8515625,
  "validation_accuracy": 0.9583333333333334,
  "validation_precision": 0.961904764175415,
  "validation_recall": 0.9439252614974976,
  "validation_f1": 0.9528301954269409,
  "validation_loss": 0.2595722385371725,
  "best_validation_accuracy": 0.9583333333333334,
  "best_validation_precision": 0.9369369149208069,
  "best_validation_recall": 0.9719626307487488,
  "best_validation_f1": 0.9541284441947937,
  "best_validation_loss": 0.23768196466068428
}