{
  "best_epoch": 5,
  "peak_worker_0_memory_MB": 488.91796875,
  "training_duration": "0:00:04.660869",
  "epoch": 8,
  "training_accuracy": 0.9770833333333333,
  "training_precision": 0.9719439148902893,
  "training_recall": 0.9837728142738342,
  "training_f1": 0.9778226017951965,
  "training_loss": 0.07505745358454684,
  "training_worker_0_memory_MB": 488.91796875,
  "validation_accuracy": 0.9625,
  "validation_precision": 0.9454545378684998,
  "validation_recall": 0.9719626307487488,
  "validation_f1": 0.9585253596305847,
  "validation_loss": 0.22933136799062293,
  "best_validation_accuracy": 0.9541666666666667,
  "best_validation_precision": 0.9528301954269409,
  "best_validation_recall": 0.9439252614974976,
  "best_validation_f1": 0.9483568072319031,
  "best_validation_loss": 0.21922969116518895
}