{
  "best_epoch": 11,
  "peak_worker_0_memory_MB": 488.9296875,
  "training_duration": "0:00:10.064772",
  "epoch": 19,
  "training_accuracy": 0.98125,
  "training_precision": 0.9797979593276978,
  "training_recall": 0.9837728142738342,
  "training_f1": 0.9817813634872437,
  "training_loss": 0.05931793801331272,
  "training_worker_0_memory_MB": 488.9296875,
  "validation_accuracy": 0.9666666666666667,
  "validation_precision": 0.9459459185600281,
  "validation_recall": 0.9813084006309509,
  "validation_f1": 0.963302731513977,
  "validation_loss": 0.22848585154861212,
  "best_validation_accuracy": 0.9583333333333334,
  "best_validation_precision": 0.9449541568756104,
  "best_validation_recall": 0.9626168012619019,
  "best_validation_f1": 0.9537037014961243,
  "best_validation_loss": 0.20350409710469344
}