{
  "best_epoch": 5,
  "peak_worker_0_memory_MB": 488.91796875,
  "training_duration": "0:00:05.079595",
  "epoch": 9,
  "training_accuracy": 0.978125,
  "training_precision": 0.975806474685669,
  "training_recall": 0.9817444086074829,
  "training_f1": 0.9787664413452148,
  "training_loss": 0.08605377139077366,
  "training_worker_0_memory_MB": 488.91796875,
  "validation_accuracy": 0.9583333333333334,
  "validation_precision": 0.9369369149208069,
  "validation_recall": 0.9719626307487488,
  "validation_f1": 0.9541284441947937,
  "validation_loss": 0.23285770217577617,
  "best_validation_accuracy": 0.9541666666666667,
  "best_validation_precision": 0.9528301954269409,
  "best_validation_recall": 0.9439252614974976,
  "best_validation_f1": 0.9483568072319031,
  "best_validation_loss": 0.21922969116518895
}