{
  "best_epoch": 3,
  "peak_worker_0_memory_MB": 488.8671875,
  "training_duration": "0:00:02.626811",
  "epoch": 4,
  "training_accuracy": 0.9760416666666667,
  "training_precision": 0.9757084846496582,
  "training_recall": 0.9776875972747803,
  "training_f1": 0.9766970276832581,
  "training_loss": 0.10003435078736705,
  "training_worker_0_memory_MB": 488.8671875,
  "validation_accuracy": 0.9458333333333333,
  "validation_precision": 0.9607843160629272,
  "validation_recall": 0.9158878326416016,
  "validation_f1": 0.9377990365028381,
  "validation_loss": 0.23302164215128868,
  "best_validation_accuracy": 0.9625,
  "best_validation_precision": 0.9454545378684998,
  "best_validation_recall": 0.9719626307487488,
  "best_validation_f1": 0.9585253596305847,
  "best_validation_loss": 0.2212803970867147
}