{
  "best_epoch": 7,
  "peak_worker_0_memory_MB": 489.453125,
  "training_duration": "0:00:05.847468",
  "epoch": 8,
  "training_accuracy": 0.9645833333333333,
  "training_precision": 0.9532520174980164,
  "training_recall": 0.9770833253860474,
  "training_f1": 0.9650205969810486,
  "training_loss": 0.1014578547978696,
  "training_worker_0_memory_MB": 489.453125,
  "validation_accuracy": 0.9541666666666667,
  "validation_precision": 0.9291338324546814,
  "validation_recall": 0.9833333492279053,
  "validation_f1": 0.95546555519104,
  "validation_loss": 0.23917146927366653,
  "best_validation_accuracy": 0.9625,
  "best_validation_precision": 0.9512194991111755,
  "best_validation_recall": 0.9750000238418579,
  "best_validation_f1": 0.9629629850387573,
  "best_validation_loss": 0.23368008596201736
}