{
  "best_epoch": 2,
  "peak_worker_0_memory_MB": 489.453125,
  "training_duration": "0:00:01.780294",
  "epoch": 4,
  "training_accuracy": 0.9635416666666666,
  "training_precision": 0.9550102353096008,
  "training_recall": 0.9729166626930237,
  "training_f1": 0.9638803005218506,
  "training_loss": 0.14437347325632194,
  "training_worker_0_memory_MB": 489.453125,
  "validation_accuracy": 0.9541666666666667,
  "validation_precision": 0.9291338324546814,
  "validation_recall": 0.9833333492279053,
  "validation_f1": 0.95546555519104,
  "validation_loss": 0.2526381886253754,
  "best_validation_accuracy": 0.9541666666666667,
  "best_validation_precision": 0.9430894255638123,
  "best_validation_recall": 0.9666666388511658,
  "best_validation_f1": 0.9547325372695923,
  "best_validation_loss": 0.25051082832117877
}