{
  "best_epoch": 13,
  "peak_worker_0_memory_MB": 489.98046875,
  "training_duration": "0:00:11.482579",
  "epoch": 18,
  "training_accuracy": 0.9677083333333333,
  "training_precision": 0.9553752541542053,
  "training_recall": 0.981249988079071,
  "training_f1": 0.9681397676467896,
  "training_loss": 0.07625272197304488,
  "training_worker_0_memory_MB": 489.98046875,
  "validation_accuracy": 0.9583333333333334,
  "validation_precision": 0.9435483813285828,
  "validation_recall": 0.9750000238418579,
  "validation_f1": 0.9590164422988892,
  "validation_loss": 0.22582754536221425,
  "best_validation_accuracy": 0.95,
  "best_validation_precision": 0.9426229596138,
  "best_validation_recall": 0.9583333134651184,
  "best_validation_f1": 0.950413167476654,
  "best_validation_loss": 0.22182785055289667
}