{
  "best_epoch": 13,
  "peak_worker_0_memory_MB": 489.98046875,
  "training_duration": "0:00:09.829499",
  "epoch": 14,
  "training_accuracy": 0.96875,
  "training_precision": 0.9610655903816223,
  "training_recall": 0.9770833253860474,
  "training_f1": 0.969008207321167,
  "training_loss": 0.08521843063451039,
  "training_worker_0_memory_MB": 489.98046875,
  "validation_accuracy": 0.9541666666666667,
  "validation_precision": 0.9291338324546814,
  "validation_recall": 0.9833333492279053,
  "validation_f1": 0.95546555519104,
  "validation_loss": 0.23458657249187428,
  "best_validation_accuracy": 0.95,
  "best_validation_precision": 0.9426229596138,
  "best_validation_recall": 0.9583333134651184,
  "best_validation_f1": 0.950413167476654,
  "best_validation_loss": 0.22182785055289667
}