{
  "best_epoch": 12,
  "peak_worker_0_memory_MB": 489.98046875,
  "training_duration": "0:00:09.117544",
  "epoch": 12,
  "training_accuracy": 0.96875,
  "training_precision": 0.9591836929321289,
  "training_recall": 0.9791666865348816,
  "training_f1": 0.969072163105011,
  "training_loss": 0.09234790936073599,
  "training_worker_0_memory_MB": 489.98046875,
  "validation_accuracy": 0.9583333333333334,
  "validation_precision": 0.9435483813285828,
  "validation_recall": 0.9750000238418579,
  "validation_f1": 0.9590164422988892,
  "validation_loss": 0.2280663320949922,
  "best_validation_accuracy": 0.9583333333333334,
  "best_validation_precision": 0.9435483813285828,
  "best_validation_recall": 0.9750000238418579,
  "best_validation_f1": 0.9590164422988892,
  "best_validation_loss": 0.2280663320949922
}