{
  "best_epoch": 9,
  "peak_worker_0_memory_MB": 404.2578125,
  "training_duration": "0:00:07.573183",
  "epoch": 15,
  "training_accuracy": 0.990625,
  "training_precision": 0.9831223487854004,
  "training_recall": 0.9978586435317993,
  "training_f1": 0.9904356598854065,
  "training_loss": 0.03195864347556684,
  "training_worker_0_memory_MB": 404.2578125,
  "validation_accuracy": 0.95,
  "validation_precision": 0.9416058659553528,
  "validation_recall": 0.969924807548523,
  "validation_f1": 0.9555554986000061,
  "validation_loss": 0.16528267920948564,
  "best_validation_accuracy": 0.95,
  "best_validation_precision": 0.9416058659553528,
  "best_validation_recall": 0.969924807548523,
  "best_validation_f1": 0.9555554986000061,
  "best_validation_loss": 0.15550237937519948
}