{
  "best_epoch": 16,
  "peak_worker_0_memory_MB": 487.62109375,
  "training_duration": "0:00:07.675866",
  "epoch": 16,
  "training_accuracy": 0.9770833333333333,
  "training_precision": 0.9768421053886414,
  "training_recall": 0.9768421053886414,
  "training_f1": 0.9768421053886414,
  "training_loss": 0.059386661429016385,
  "training_worker_0_memory_MB": 487.62109375,
  "validation_accuracy": 0.9666666666666667,
  "validation_precision": 0.9679999947547913,
  "validation_recall": 0.9679999947547913,
  "validation_f1": 0.9679999947547913,
  "validation_loss": 0.14603149971614282,
  "best_validation_accuracy": 0.9666666666666667,
  "best_validation_precision": 0.9679999947547913,
  "best_validation_recall": 0.9679999947547913,
  "best_validation_f1": 0.9679999947547913,
  "best_validation_loss": 0.14603149971614282
}