{
  "best_epoch": 1,
  "peak_worker_0_memory_MB": 486.84765625,
  "training_duration": "0:00:01.061768",
  "epoch": 2,
  "training_accuracy": 0.9791666666666666,
  "training_precision": 0.9809725284576416,
  "training_recall": 0.9768421053886414,
  "training_f1": 0.9789029359817505,
  "training_loss": 0.11214262825184657,
  "training_worker_0_memory_MB": 486.84765625,
  "validation_accuracy": 0.9708333333333333,
  "validation_precision": 0.9538461565971375,
  "validation_recall": 0.9919999837875366,
  "validation_f1": 0.9725490808486938,
  "validation_loss": 0.21352622428288062,
  "best_validation_accuracy": 0.9541666666666667,
  "best_validation_precision": 0.9672130942344666,
  "best_validation_recall": 0.9440000057220459,
  "best_validation_f1": 0.95546555519104,
  "best_validation_loss": 0.17264648020500317
}