{
  "best_epoch": 1,
  "peak_worker_0_memory_MB": 486.84765625,
  "training_duration": "0:00:01.388393",
  "epoch": 3,
  "training_accuracy": 0.9791666666666666,
  "training_precision": 0.9769392013549805,
  "training_recall": 0.9810526371002197,
  "training_f1": 0.9789916276931763,
  "training_loss": 0.10499477435975374,
  "training_worker_0_memory_MB": 486.84765625,
  "validation_accuracy": 0.9458333333333333,
  "validation_precision": 0.9666666388511658,
  "validation_recall": 0.9279999732971191,
  "validation_f1": 0.946938693523407,
  "validation_loss": 0.20778461499333692,
  "best_validation_accuracy": 0.9541666666666667,
  "best_validation_precision": 0.9672130942344666,
  "best_validation_recall": 0.9440000057220459,
  "best_validation_f1": 0.95546555519104,
  "best_validation_loss": 0.17264648020500317
}