{
  "best_epoch": 1,
  "peak_worker_0_memory_MB": 485.81640625,
  "training_duration": "0:00:00.735800",
  "epoch": 1,
  "training_accuracy": 0.975,
  "training_precision": 0.9747368693351746,
  "training_recall": 0.9747368693351746,
  "training_f1": 0.9747368693351746,
  "training_loss": 0.1400318186788354,
  "training_worker_0_memory_MB": 485.81640625,
  "validation_accuracy": 0.9541666666666667,
  "validation_precision": 0.9672130942344666,
  "validation_recall": 0.9440000057220459,
  "validation_f1": 0.95546555519104,
  "validation_loss": 0.17264648020500317,
  "best_validation_accuracy": 0.9541666666666667,
  "best_validation_precision": 0.9672130942344666,
  "best_validation_recall": 0.9440000057220459,
  "best_validation_f1": 0.95546555519104,
  "best_validation_loss": 0.17264648020500317
}