{
  "best_epoch": 5,
  "peak_worker_0_memory_MB": 487.62109375,
  "training_duration": "0:00:02.579800",
  "epoch": 6,
  "training_accuracy": 0.9770833333333333,
  "training_precision": 0.9748427867889404,
  "training_recall": 0.9789473414421082,
  "training_f1": 0.9768907427787781,
  "training_loss": 0.0885172893282288,
  "training_worker_0_memory_MB": 487.62109375,
  "validation_accuracy": 0.9583333333333334,
  "validation_precision": 0.9674796462059021,
  "validation_recall": 0.9520000219345093,
  "validation_f1": 0.9596774578094482,
  "validation_loss": 0.17724735736846925,
  "best_validation_accuracy": 0.9625,
  "best_validation_precision": 0.9754098653793335,
  "best_validation_recall": 0.9520000219345093,
  "best_validation_f1": 0.9635627865791321,
  "best_validation_loss": 0.16270150062628091
}