{
  "best_epoch": 5,
  "peak_worker_0_memory_MB": 487.62109375,
  "training_duration": "0:00:02.952294",
  "epoch": 7,
  "training_accuracy": 0.9770833333333333,
  "training_precision": 0.9788583517074585,
  "training_recall": 0.9747368693351746,
  "training_f1": 0.9767932891845703,
  "training_loss": 0.08615087232174119,
  "training_worker_0_memory_MB": 487.62109375,
  "validation_accuracy": 0.9583333333333334,
  "validation_precision": 0.9599999785423279,
  "validation_recall": 0.9599999785423279,
  "validation_f1": 0.9599999785423279,
  "validation_loss": 0.17233666107834628,
  "best_validation_accuracy": 0.9625,
  "best_validation_precision": 0.9754098653793335,
  "best_validation_recall": 0.9520000219345093,
  "best_validation_f1": 0.9635627865791321,
  "best_validation_loss": 0.16270150062628091
}