{
  "best_epoch": 5,
  "peak_worker_0_memory_MB": 488.65234375,
  "training_duration": "0:00:04.254165",
  "epoch": 8,
  "training_accuracy": 0.9708333333333333,
  "training_precision": 0.9561753273010254,
  "training_recall": 0.9876543283462524,
  "training_f1": 0.9716598987579346,
  "training_loss": 0.0990162148567227,
  "training_worker_0_memory_MB": 488.65234375,
  "validation_accuracy": 0.9625,
  "validation_precision": 0.9411764740943909,
  "validation_recall": 0.9824561476707458,
  "validation_f1": 0.9613733887672424,
  "validation_loss": 0.15649743545800449,
  "best_validation_accuracy": 0.9625,
  "best_validation_precision": 0.9411764740943909,
  "best_validation_recall": 0.9824561476707458,
  "best_validation_f1": 0.9613733887672424,
  "best_validation_loss": 0.1417229781548182
}