{
  "best_epoch": 15,
  "peak_worker_0_memory_MB": 490.0703125,
  "training_duration": "0:00:08.061395",
  "epoch": 17,
  "training_accuracy": 0.9729166666666667,
  "training_precision": 0.9545454382896423,
  "training_recall": 0.9938271641731262,
  "training_f1": 0.9737902879714966,
  "training_loss": 0.08585918480069571,
  "training_worker_0_memory_MB": 490.0703125,
  "validation_accuracy": 0.9583333333333334,
  "validation_precision": 0.9406779408454895,
  "validation_recall": 0.9736841917037964,
  "validation_f1": 0.9568964838981628,
  "validation_loss": 0.1351825129939243,
  "best_validation_accuracy": 0.9583333333333334,
  "best_validation_precision": 0.9333333373069763,
  "best_validation_recall": 0.9824561476707458,
  "best_validation_f1": 0.9572649598121643,
  "best_validation_loss": 0.1305386972380802
}