{
  "best_epoch": 5,
  "peak_worker_0_memory_MB": 489.42578125,
  "training_duration": "0:00:05.000412",
  "epoch": 10,
  "training_accuracy": 0.9708333333333333,
  "training_precision": 0.9561753273010254,
  "training_recall": 0.9876543283462524,
  "training_f1": 0.9716598987579346,
  "training_loss": 0.10452941322970825,
  "training_worker_0_memory_MB": 489.42578125,
  "validation_accuracy": 0.9541666666666667,
  "validation_precision": 0.9256198406219482,
  "validation_recall": 0.9824561476707458,
  "validation_f1": 0.9531914591789246,
  "validation_loss": 0.14256931971758605,
  "best_validation_accuracy": 0.9625,
  "best_validation_precision": 0.9411764740943909,
  "best_validation_recall": 0.9824561476707458,
  "best_validation_f1": 0.9613733887672424,
  "best_validation_loss": 0.1417229781548182
}