{
  "best_epoch": 13,
  "peak_worker_0_memory_MB": 490.0703125,
  "training_duration": "0:00:06.577982",
  "epoch": 14,
  "training_accuracy": 0.965625,
  "training_precision": 0.959432065486908,
  "training_recall": 0.9732510447502136,
  "training_f1": 0.966292142868042,
  "training_loss": 0.09192978363244038,
  "training_worker_0_memory_MB": 490.0703125,
  "validation_accuracy": 0.9583333333333334,
  "validation_precision": 0.9333333373069763,
  "validation_recall": 0.9824561476707458,
  "validation_f1": 0.9572649598121643,
  "validation_loss": 0.15456581981852652,
  "best_validation_accuracy": 0.9583333333333334,
  "best_validation_precision": 0.9814814925193787,
  "best_validation_recall": 0.9298245906829834,
  "best_validation_f1": 0.954954981803894,
  "best_validation_loss": 0.13872876253444702
}