{
  "best_epoch": 2,
  "peak_worker_0_memory_MB": 488.65234375,
  "training_duration": "0:00:01.771652",
  "epoch": 2,
  "training_accuracy": 0.965625,
  "training_precision": 0.9520958065986633,
  "training_recall": 0.9814814925193787,
  "training_f1": 0.9665653109550476,
  "training_loss": 0.15986842084190964,
  "training_worker_0_memory_MB": 488.65234375,
  "validation_accuracy": 0.9541666666666667,
  "validation_precision": 0.94017094373703,
  "validation_recall": 0.9649122953414917,
  "validation_f1": 0.9523810148239136,
  "validation_loss": 0.18528980986836055,
  "best_validation_accuracy": 0.9541666666666667,
  "best_validation_precision": 0.94017094373703,
  "best_validation_recall": 0.9649122953414917,
  "best_validation_f1": 0.9523810148239136,
  "best_validation_loss": 0.18528980986836055
}